"cd ad pstcd","total","date"
3,1,2022-04-01
820,1,2022-04-01
2000,46,2022-04-01
2009,1,2022-04-01
2060,11,2022-04-01
2064,22,2022-04-01
2065,35,2022-04-01
2073,6,2022-04-01
2080,20,2022-04-01
2085,2,2022-04-01
2095,1,2022-04-01
2100,1,2022-04-01
2102,4,2022-04-01
2103,1,2022-04-01
2113,2,2022-04-01
2121,1,2022-04-01
2127,2,2022-04-01
2138,3,2022-04-01
2141,5,2022-04-01
2148,2,2022-04-01
2153,1,2022-04-01
2154,1,2022-04-01
2164,1,2022-04-01
2170,1,2022-04-01
2190,1,2022-04-01
2198,2,2022-04-01
2208,2,2022-04-01
2209,14,2022-04-01
2212,13,2022-04-01
2217,1,2022-04-01
2224,1,2022-04-01
2230,1,2022-04-01
2231,1,2022-04-01
2250,1,2022-04-01
2565,1,2022-04-01
2612,1,2022-04-01
2640,16,2022-04-01
2641,5,2022-04-01
2642,2,2022-04-01
2644,1,2022-04-01
2645,1,2022-04-01
2646,1,2022-04-01
2647,1,2022-04-01
2650,1,2022-04-01
2660,1,2022-04-01
2680,3,2022-04-01
2714,4,2022-04-01
2731,2,2022-04-01
2732,2,2022-04-01
2738,1,2022-04-01
2739,3,2022-04-01
2747,1,2022-04-01
2750,2,2022-04-01
2765,1,2022-04-01
2795,1,2022-04-01
3000,363,2022-04-01
3001,2,2022-04-01
3002,73,2022-04-01
3003,16,2022-04-01
3004,202,2022-04-01
3005,5,2022-04-01
3006,203,2022-04-01
3008,66,2022-04-01
3011,46,2022-04-01
3012,57,2022-04-01
3013,26,2022-04-01
3015,44,2022-04-01
3016,34,2022-04-01
3018,46,2022-04-01
3019,87,2022-04-01
3020,109,2022-04-01
3021,70,2022-04-01
3022,3,2022-04-01
3023,196,2022-04-01
3024,80,2022-04-01
3025,28,2022-04-01
3026,110,2022-04-01
3027,25,2022-04-01
3028,57,2022-04-01
3029,480,2022-04-01
3030,348,2022-04-01
3031,26,2022-04-01
3032,60,2022-04-01
3033,47,2022-04-01
3034,27,2022-04-01
3036,17,2022-04-01
3037,126,2022-04-01
3038,72,2022-04-01
3039,53,2022-04-01
3040,83,2022-04-01
3041,103,2022-04-01
3042,39,2022-04-01
3043,386,2022-04-01
3044,61,2022-04-01
3045,9,2022-04-01
3046,67,2022-04-01
3047,31,2022-04-01
3048,23,2022-04-01
3049,31,2022-04-01
3050,5,2022-04-01
3051,26,2022-04-01
3052,20,2022-04-01
3053,45,2022-04-01
3054,13,2022-04-01
3055,10,2022-04-01
3056,135,2022-04-01
3057,16,2022-04-01
3058,65,2022-04-01
3059,74,2022-04-01
3060,28,2022-04-01
3061,79,2022-04-01
3062,27,2022-04-01
3063,1,2022-04-01
3064,340,2022-04-01
3065,17,2022-04-01
3066,36,2022-04-01
3067,25,2022-04-01
3068,23,2022-04-01
3070,20,2022-04-01
3071,26,2022-04-01
3072,129,2022-04-01
3073,84,2022-04-01
3074,60,2022-04-01
3075,40,2022-04-01
3076,121,2022-04-01
3078,46,2022-04-01
3079,51,2022-04-01
3081,34,2022-04-01
3082,77,2022-04-01
3083,95,2022-04-01
3084,44,2022-04-01
3085,23,2022-04-01
3087,15,2022-04-01
3088,63,2022-04-01
3089,37,2022-04-01
3090,9,2022-04-01
3091,4,2022-04-01
3093,10,2022-04-01
3094,25,2022-04-01
3095,58,2022-04-01
3096,4,2022-04-01
3097,1,2022-04-01
3099,10,2022-04-01
3101,55,2022-04-01
3102,26,2022-04-01
3103,46,2022-04-01
3104,50,2022-04-01
3105,15,2022-04-01
3106,50,2022-04-01
3107,20,2022-04-01
3108,181,2022-04-01
3109,97,2022-04-01
3111,30,2022-04-01
3113,23,2022-04-01
3114,11,2022-04-01
3115,23,2022-04-01
3116,33,2022-04-01
3121,283,2022-04-01
3122,58,2022-04-01
3123,37,2022-04-01
3124,70,2022-04-01
3125,80,2022-04-01
3126,25,2022-04-01
3127,36,2022-04-01
3128,56,2022-04-01
3129,35,2022-04-01
3130,79,2022-04-01
3131,74,2022-04-01
3132,31,2022-04-01
3133,48,2022-04-01
3134,108,2022-04-01
3135,43,2022-04-01
3136,144,2022-04-01
3137,51,2022-04-01
3138,50,2022-04-01
3139,50,2022-04-01
3140,58,2022-04-01
3141,57,2022-04-01
3142,44,2022-04-01
3143,20,2022-04-01
3144,77,2022-04-01
3145,50,2022-04-01
3146,53,2022-04-01
3147,30,2022-04-01
3148,21,2022-04-01
3149,106,2022-04-01
3150,189,2022-04-01
3151,43,2022-04-01
3152,86,2022-04-01
3153,83,2022-04-01
3154,9,2022-04-01
3155,45,2022-04-01
3156,165,2022-04-01
3158,18,2022-04-01
3159,5,2022-04-01
3160,15,2022-04-01
3161,30,2022-04-01
3162,28,2022-04-01
3163,55,2022-04-01
3164,1,2022-04-01
3165,58,2022-04-01
3166,78,2022-04-01
3167,23,2022-04-01
3168,79,2022-04-01
3169,42,2022-04-01
3170,290,2022-04-01
3171,49,2022-04-01
3172,48,2022-04-01
3173,90,2022-04-01
3174,66,2022-04-01
3175,268,2022-04-01
3177,15,2022-04-01
3178,99,2022-04-01
3179,23,2022-04-01
3180,33,2022-04-01
3181,26,2022-04-01
3182,35,2022-04-01
3183,19,2022-04-01
3184,21,2022-04-01
3185,68,2022-04-01
3186,62,2022-04-01
3187,45,2022-04-01
3188,37,2022-04-01
3189,61,2022-04-01
3190,23,2022-04-01
3191,29,2022-04-01
3192,126,2022-04-01
3193,44,2022-04-01
3194,26,2022-04-01
3195,142,2022-04-01
3196,72,2022-04-01
3197,25,2022-04-01
3198,52,2022-04-01
3199,185,2022-04-01
3200,8,2022-04-01
3201,103,2022-04-01
3202,15,2022-04-01
3204,84,2022-04-01
3205,92,2022-04-01
3206,24,2022-04-01
3207,189,2022-04-01
3211,8,2022-04-01
3212,95,2022-04-01
3213,13,2022-04-01
3214,46,2022-04-01
3215,50,2022-04-01
3216,141,2022-04-01
3217,86,2022-04-01
3218,42,2022-04-01
3219,37,2022-04-01
3220,200,2022-04-01
3221,16,2022-04-01
3222,63,2022-04-01
3223,54,2022-04-01
3224,44,2022-04-01
3225,16,2022-04-01
3226,45,2022-04-01
3227,18,2022-04-01
3228,96,2022-04-01
3230,12,2022-04-01
3231,1,2022-04-01
3232,3,2022-04-01
3233,9,2022-04-01
3234,1,2022-04-01
3235,1,2022-04-01
3239,3,2022-04-01
3240,13,2022-04-01
3241,11,2022-04-01
3242,3,2022-04-01
3243,3,2022-04-01
3249,15,2022-04-01
3250,47,2022-04-01
3251,1,2022-04-01
3260,16,2022-04-01
3264,12,2022-04-01
3265,10,2022-04-01
3266,12,2022-04-01
3267,1,2022-04-01
3268,5,2022-04-01
3271,3,2022-04-01
3272,7,2022-04-01
3273,1,2022-04-01
3275,1,2022-04-01
3276,1,2022-04-01
3277,8,2022-04-01
3278,3,2022-04-01
3280,140,2022-04-01
3281,6,2022-04-01
3282,10,2022-04-01
3283,11,2022-04-01
3284,17,2022-04-01
3285,1,2022-04-01
3287,2,2022-04-01
3289,6,2022-04-01
3292,2,2022-04-01
3294,10,2022-04-01
3300,42,2022-04-01
3301,9,2022-04-01
3303,2,2022-04-01
3304,8,2022-04-01
3305,52,2022-04-01
3311,10,2022-04-01
3312,6,2022-04-01
3314,1,2022-04-01
3315,8,2022-04-01
3317,1,2022-04-01
3318,2,2022-04-01
3319,2,2022-04-01
3321,4,2022-04-01
3324,2,2022-04-01
3325,3,2022-04-01
3328,9,2022-04-01
3329,1,2022-04-01
3330,2,2022-04-01
3331,29,2022-04-01
3332,2,2022-04-01
3333,3,2022-04-01
3334,2,2022-04-01
3335,31,2022-04-01
3336,79,2022-04-01
3337,120,2022-04-01
3338,86,2022-04-01
3340,109,2022-04-01
3341,7,2022-04-01
3342,22,2022-04-01
3345,7,2022-04-01
3350,187,2022-04-01
3351,33,2022-04-01
3352,87,2022-04-01
3355,131,2022-04-01
3356,49,2022-04-01
3357,9,2022-04-01
3358,8,2022-04-01
3360,3,2022-04-01
3361,5,2022-04-01
3363,7,2022-04-01
3364,6,2022-04-01
3370,5,2022-04-01
3371,3,2022-04-01
3373,6,2022-04-01
3374,2,2022-04-01
3375,1,2022-04-01
3377,25,2022-04-01
3379,4,2022-04-01
3380,23,2022-04-01
3381,4,2022-04-01
3385,1,2022-04-01
3387,1,2022-04-01
3388,3,2022-04-01
3390,4,2022-04-01
3392,2,2022-04-01
3393,5,2022-04-01
3395,3,2022-04-01
3396,1,2022-04-01
3400,52,2022-04-01
3401,21,2022-04-01
3402,1,2022-04-01
3407,2,2022-04-01
3409,1,2022-04-01
3412,1,2022-04-01
3414,5,2022-04-01
3418,5,2022-04-01
3419,2,2022-04-01
3420,1,2022-04-01
3423,1,2022-04-01
3424,2,2022-04-01
3427,23,2022-04-01
3429,115,2022-04-01
3430,3,2022-04-01
3431,17,2022-04-01
3433,1,2022-04-01
3434,27,2022-04-01
3435,10,2022-04-01
3437,38,2022-04-01
3438,7,2022-04-01
3440,6,2022-04-01
3441,3,2022-04-01
3442,25,2022-04-01
3444,28,2022-04-01
3446,1,2022-04-01
3447,3,2022-04-01
3448,2,2022-04-01
3450,15,2022-04-01
3451,19,2022-04-01
3453,10,2022-04-01
3458,14,2022-04-01
3460,5,2022-04-01
3461,10,2022-04-01
3462,7,2022-04-01
3463,10,2022-04-01
3464,6,2022-04-01
3465,28,2022-04-01
3467,4,2022-04-01
3472,2,2022-04-01
3475,1,2022-04-01
3477,10,2022-04-01
3478,6,2022-04-01
3480,1,2022-04-01
3483,4,2022-04-01
3485,2,2022-04-01
3487,1,2022-04-01
3488,1,2022-04-01
3490,3,2022-04-01
3491,1,2022-04-01
3494,3,2022-04-01
3496,22,2022-04-01
3498,21,2022-04-01
3500,121,2022-04-01
3501,30,2022-04-01
3502,2,2022-04-01
3505,14,2022-04-01
3509,1,2022-04-01
3512,2,2022-04-01
3515,12,2022-04-01
3516,1,2022-04-01
3517,7,2022-04-01
3518,3,2022-04-01
3521,1,2022-04-01
3522,1,2022-04-01
3523,11,2022-04-01
3525,5,2022-04-01
3527,2,2022-04-01
3530,1,2022-04-01
3533,5,2022-04-01
3537,1,2022-04-01
3540,1,2022-04-01
3544,4,2022-04-01
3546,3,2022-04-01
3549,5,2022-04-01
3550,120,2022-04-01
3551,143,2022-04-01
3552,2,2022-04-01
3555,60,2022-04-01
3556,41,2022-04-01
3557,4,2022-04-01
3558,4,2022-04-01
3561,18,2022-04-01
3562,2,2022-04-01
3563,5,2022-04-01
3564,71,2022-04-01
3565,2,2022-04-01
3566,2,2022-04-01
3567,1,2022-04-01
3568,19,2022-04-01
3570,2,2022-04-01
3572,1,2022-04-01
3573,2,2022-04-01
3575,6,2022-04-01
3576,1,2022-04-01
3579,14,2022-04-01
3580,3,2022-04-01
3584,8,2022-04-01
3585,64,2022-04-01
3586,5,2022-04-01
3588,1,2022-04-01
3591,1,2022-04-01
3594,4,2022-04-01
3595,2,2022-04-01
3596,1,2022-04-01
3597,1,2022-04-01
3608,13,2022-04-01
3610,3,2022-04-01
3612,7,2022-04-01
3616,21,2022-04-01
3617,4,2022-04-01
3618,3,2022-04-01
3620,27,2022-04-01
3621,10,2022-04-01
3623,2,2022-04-01
3624,1,2022-04-01
3629,22,2022-04-01
3630,130,2022-04-01
3631,56,2022-04-01
3632,2,2022-04-01
3633,2,2022-04-01
3634,8,2022-04-01
3635,2,2022-04-01
3636,18,2022-04-01
3637,1,2022-04-01
3638,6,2022-04-01
3640,4,2022-04-01
3641,5,2022-04-01
3644,31,2022-04-01
3646,1,2022-04-01
3658,25,2022-04-01
3659,3,2022-04-01
3660,48,2022-04-01
3662,5,2022-04-01
3664,7,2022-04-01
3666,19,2022-04-01
3669,6,2022-04-01
3670,4,2022-04-01
3672,26,2022-04-01
3673,5,2022-04-01
3675,8,2022-04-01
3677,51,2022-04-01
3678,34,2022-04-01
3682,4,2022-04-01
3683,12,2022-04-01
3685,13,2022-04-01
3687,5,2022-04-01
3688,5,2022-04-01
3690,209,2022-04-01
3691,43,2022-04-01
3695,1,2022-04-01
3697,1,2022-04-01
3698,1,2022-04-01
3699,1,2022-04-01
3700,3,2022-04-01
3701,3,2022-04-01
3705,2,2022-04-01
3707,3,2022-04-01
3709,1,2022-04-01
3711,1,2022-04-01
3713,14,2022-04-01
3714,14,2022-04-01
3715,2,2022-04-01
3717,10,2022-04-01
3718,1,2022-04-01
3719,5,2022-04-01
3720,10,2022-04-01
3722,32,2022-04-01
3723,14,2022-04-01
3724,1,2022-04-01
3725,4,2022-04-01
3727,3,2022-04-01
3728,2,2022-04-01
3730,45,2022-04-01
3732,4,2022-04-01
3733,2,2022-04-01
3735,4,2022-04-01
3737,17,2022-04-01
3739,1,2022-04-01
3740,2,2022-04-01
3741,24,2022-04-01
3744,1,2022-04-01
3746,1,2022-04-01
3747,16,2022-04-01
3749,5,2022-04-01
3750,55,2022-04-01
3751,1,2022-04-01
3752,76,2022-04-01
3753,20,2022-04-01
3754,142,2022-04-01
3756,57,2022-04-01
3757,41,2022-04-01
3758,11,2022-04-01
3759,4,2022-04-01
3760,2,2022-04-01
3761,1,2022-04-01
3762,2,2022-04-01
3763,3,2022-04-01
3764,39,2022-04-01
3765,22,2022-04-01
3766,3,2022-04-01
3767,10,2022-04-01
3770,13,2022-04-01
3775,12,2022-04-01
3777,28,2022-04-01
3778,1,2022-04-01
3781,14,2022-04-01
3782,27,2022-04-01
3783,5,2022-04-01
3787,2,2022-04-01
3788,8,2022-04-01
3789,1,2022-04-01
3791,2,2022-04-01
3792,1,2022-04-01
3793,9,2022-04-01
3795,8,2022-04-01
3796,27,2022-04-01
3797,6,2022-04-01
3799,15,2022-04-01
3802,38,2022-04-01
3803,50,2022-04-01
3804,25,2022-04-01
3805,159,2022-04-01
3806,217,2022-04-01
3807,21,2022-04-01
3808,9,2022-04-01
3809,81,2022-04-01
3810,162,2022-04-01
3812,14,2022-04-01
3813,3,2022-04-01
3814,10,2022-04-01
3815,22,2022-04-01
3816,12,2022-04-01
3818,50,2022-04-01
3820,85,2022-04-01
3821,7,2022-04-01
3822,2,2022-04-01
3823,3,2022-04-01
3824,17,2022-04-01
3825,61,2022-04-01
3831,7,2022-04-01
3832,1,2022-04-01
3835,2,2022-04-01
3840,36,2022-04-01
3842,12,2022-04-01
3844,131,2022-04-01
3847,8,2022-04-01
3850,47,2022-04-01
3851,35,2022-04-01
3854,4,2022-04-01
3856,7,2022-04-01
3857,2,2022-04-01
3858,14,2022-04-01
3859,7,2022-04-01
3860,23,2022-04-01
3862,10,2022-04-01
3865,2,2022-04-01
3869,6,2022-04-01
3870,6,2022-04-01
3871,9,2022-04-01
3873,3,2022-04-01
3874,1,2022-04-01
3875,90,2022-04-01
3878,2,2022-04-01
3880,13,2022-04-01
3882,8,2022-04-01
3885,8,2022-04-01
3886,2,2022-04-01
3887,2,2022-04-01
3888,4,2022-04-01
3890,2,2022-04-01
3896,1,2022-04-01
3898,2,2022-04-01
3900,1,2022-04-01
3902,2,2022-04-01
3903,4,2022-04-01
3904,5,2022-04-01
3909,36,2022-04-01
3910,74,2022-04-01
3911,12,2022-04-01
3912,58,2022-04-01
3913,13,2022-04-01
3915,30,2022-04-01
3918,13,2022-04-01
3919,11,2022-04-01
3920,3,2022-04-01
3921,1,2022-04-01
3922,40,2022-04-01
3923,10,2022-04-01
3925,21,2022-04-01
3926,8,2022-04-01
3927,5,2022-04-01
3928,3,2022-04-01
3929,2,2022-04-01
3930,69,2022-04-01
3931,123,2022-04-01
3933,7,2022-04-01
3934,68,2022-04-01
3936,48,2022-04-01
3937,3,2022-04-01
3938,8,2022-04-01
3939,52,2022-04-01
3940,8,2022-04-01
3941,30,2022-04-01
3942,8,2022-04-01
3943,7,2022-04-01
3944,4,2022-04-01
3945,7,2022-04-01
3950,13,2022-04-01
3951,1,2022-04-01
3953,28,2022-04-01
3954,2,2022-04-01
3956,11,2022-04-01
3957,1,2022-04-01
3958,2,2022-04-01
3959,1,2022-04-01
3960,8,2022-04-01
3962,2,2022-04-01
3966,6,2022-04-01
3967,1,2022-04-01
3971,19,2022-04-01
3975,61,2022-04-01
3976,51,2022-04-01
3977,345,2022-04-01
3978,165,2022-04-01
3979,1,2022-04-01
3980,16,2022-04-01
3981,28,2022-04-01
3984,36,2022-04-01
3987,3,2022-04-01
3988,1,2022-04-01
3990,1,2022-04-01
3992,4,2022-04-01
3995,32,2022-04-01
3996,26,2022-04-01
4005,3,2022-04-01
4019,1,2022-04-01
4076,1,2022-04-01
4101,1,2022-04-01
4107,37,2022-04-01
4115,1,2022-04-01
4132,1,2022-04-01
4170,2,2022-04-01
4172,3,2022-04-01
4178,2,2022-04-01
4207,2,2022-04-01
4218,1,2022-04-01
4556,1,2022-04-01
4650,1,2022-04-01
4670,2,2022-04-01
4803,1,2022-04-01
4859,1,2022-04-01
5000,6,2022-04-01
5033,16,2022-04-01
5163,1,2022-04-01
5290,4,2022-04-01
5950,11,2022-04-01
6000,1,2022-04-01
6004,1,2022-04-01
6009,1,2022-04-01
6065,3,2022-04-01
6106,5,2022-04-01
6111,1,2022-04-01
7000,36,2022-04-01
7025,1,2022-04-01
7277,1,2022-04-01
820,1,2022-02-01
837,1,2022-02-01
2000,27,2022-02-01
2009,1,2022-02-01
2020,16,2022-02-01
2060,1,2022-02-01
2064,28,2022-02-01
2065,22,2022-02-01
2067,1,2022-02-01
2073,15,2022-02-01
2080,4,2022-02-01
2093,4,2022-02-01
2103,1,2022-02-01
2113,6,2022-02-01
2128,2,2022-02-01
2130,1,2022-02-01
2138,2,2022-02-01
2148,2,2022-02-01
2153,5,2022-02-01
2163,1,2022-02-01
2170,2,2022-02-01
2190,1,2022-02-01
2198,3,2022-02-01
2209,10,2022-02-01
2210,1,2022-02-01
2211,3,2022-02-01
2212,1,2022-02-01
2214,1,2022-02-01
2230,1,2022-02-01
2294,1,2022-02-01
2300,1,2022-02-01
2533,1,2022-02-01
2548,1,2022-02-01
2575,1,2022-02-01
2609,1,2022-02-01
2617,1,2022-02-01
2640,33,2022-02-01
2641,5,2022-02-01
2642,1,2022-02-01
2643,1,2022-02-01
2644,1,2022-02-01
2646,2,2022-02-01
2647,2,2022-02-01
2650,3,2022-02-01
2681,1,2022-02-01
2710,1,2022-02-01
2712,1,2022-02-01
2713,2,2022-02-01
2715,1,2022-02-01
2716,1,2022-02-01
2731,3,2022-02-01
2735,2,2022-02-01
2738,1,2022-02-01
2739,1,2022-02-01
2780,1,2022-02-01
2795,1,2022-02-01
3000,441,2022-02-01
3001,2,2022-02-01
3002,86,2022-02-01
3003,23,2022-02-01
3004,263,2022-02-01
3005,1,2022-02-01
3006,219,2022-02-01
3008,83,2022-02-01
3011,50,2022-02-01
3012,79,2022-02-01
3013,46,2022-02-01
3015,50,2022-02-01
3016,41,2022-02-01
3018,49,2022-02-01
3019,30,2022-02-01
3020,96,2022-02-01
3021,97,2022-02-01
3022,13,2022-02-01
3023,213,2022-02-01
3024,84,2022-02-01
3025,43,2022-02-01
3026,138,2022-02-01
3027,28,2022-02-01
3028,41,2022-02-01
3029,520,2022-02-01
3030,344,2022-02-01
3031,47,2022-02-01
3032,84,2022-02-01
3033,53,2022-02-01
3034,25,2022-02-01
3036,9,2022-02-01
3037,129,2022-02-01
3038,82,2022-02-01
3039,48,2022-02-01
3040,90,2022-02-01
3041,131,2022-02-01
3042,85,2022-02-01
3043,317,2022-02-01
3044,68,2022-02-01
3045,2,2022-02-01
3046,67,2022-02-01
3047,38,2022-02-01
3048,32,2022-02-01
3049,32,2022-02-01
3051,45,2022-02-01
3052,15,2022-02-01
3053,52,2022-02-01
3054,13,2022-02-01
3055,23,2022-02-01
3056,168,2022-02-01
3057,27,2022-02-01
3058,86,2022-02-01
3059,62,2022-02-01
3060,32,2022-02-01
3061,90,2022-02-01
3062,26,2022-02-01
3063,1,2022-02-01
3064,315,2022-02-01
3065,15,2022-02-01
3066,41,2022-02-01
3067,27,2022-02-01
3068,23,2022-02-01
3070,50,2022-02-01
3071,34,2022-02-01
3072,157,2022-02-01
3073,101,2022-02-01
3074,78,2022-02-01
3075,36,2022-02-01
3076,133,2022-02-01
3078,64,2022-02-01
3079,42,2022-02-01
3081,47,2022-02-01
3082,75,2022-02-01
3083,91,2022-02-01
3084,55,2022-02-01
3085,33,2022-02-01
3087,25,2022-02-01
3088,68,2022-02-01
3089,46,2022-02-01
3090,15,2022-02-01
3091,1,2022-02-01
3093,11,2022-02-01
3094,23,2022-02-01
3095,83,2022-02-01
3096,7,2022-02-01
3097,6,2022-02-01
3099,16,2022-02-01
3101,71,2022-02-01
3102,20,2022-02-01
3103,45,2022-02-01
3104,63,2022-02-01
3105,29,2022-02-01
3106,42,2022-02-01
3107,36,2022-02-01
3108,261,2022-02-01
3109,77,2022-02-01
3111,35,2022-02-01
3113,20,2022-02-01
3114,22,2022-02-01
3115,11,2022-02-01
3116,40,2022-02-01
3121,381,2022-02-01
3122,72,2022-02-01
3123,46,2022-02-01
3124,45,2022-02-01
3125,95,2022-02-01
3126,25,2022-02-01
3127,51,2022-02-01
3128,66,2022-02-01
3129,41,2022-02-01
3130,116,2022-02-01
3131,100,2022-02-01
3132,47,2022-02-01
3133,56,2022-02-01
3134,153,2022-02-01
3135,56,2022-02-01
3136,154,2022-02-01
3137,58,2022-02-01
3138,71,2022-02-01
3139,53,2022-02-01
3140,72,2022-02-01
3141,76,2022-02-01
3142,56,2022-02-01
3143,17,2022-02-01
3144,52,2022-02-01
3145,62,2022-02-01
3146,59,2022-02-01
3147,24,2022-02-01
3148,21,2022-02-01
3149,110,2022-02-01
3150,201,2022-02-01
3151,45,2022-02-01
3152,100,2022-02-01
3153,89,2022-02-01
3154,11,2022-02-01
3155,59,2022-02-01
3156,137,2022-02-01
3158,22,2022-02-01
3159,9,2022-02-01
3160,24,2022-02-01
3161,35,2022-02-01
3162,52,2022-02-01
3163,82,2022-02-01
3164,4,2022-02-01
3165,68,2022-02-01
3166,82,2022-02-01
3167,23,2022-02-01
3168,112,2022-02-01
3169,49,2022-02-01
3170,262,2022-02-01
3171,39,2022-02-01
3172,52,2022-02-01
3173,90,2022-02-01
3174,77,2022-02-01
3175,255,2022-02-01
3177,18,2022-02-01
3178,110,2022-02-01
3179,22,2022-02-01
3180,23,2022-02-01
3181,65,2022-02-01
3182,48,2022-02-01
3183,28,2022-02-01
3184,28,2022-02-01
3185,95,2022-02-01
3186,67,2022-02-01
3187,45,2022-02-01
3188,52,2022-02-01
3189,65,2022-02-01
3190,38,2022-02-01
3191,33,2022-02-01
3192,119,2022-02-01
3193,53,2022-02-01
3194,36,2022-02-01
3195,137,2022-02-01
3196,62,2022-02-01
3197,38,2022-02-01
3198,73,2022-02-01
3199,195,2022-02-01
3200,6,2022-02-01
3201,95,2022-02-01
3202,17,2022-02-01
3204,118,2022-02-01
3205,108,2022-02-01
3206,28,2022-02-01
3207,101,2022-02-01
3211,3,2022-02-01
3212,86,2022-02-01
3213,27,2022-02-01
3214,36,2022-02-01
3215,71,2022-02-01
3216,181,2022-02-01
3217,62,2022-02-01
3218,61,2022-02-01
3219,48,2022-02-01
3220,240,2022-02-01
3221,20,2022-02-01
3222,55,2022-02-01
3223,31,2022-02-01
3224,49,2022-02-01
3225,36,2022-02-01
3226,64,2022-02-01
3227,26,2022-02-01
3228,85,2022-02-01
3230,13,2022-02-01
3231,9,2022-02-01
3232,6,2022-02-01
3233,7,2022-02-01
3236,1,2022-02-01
3237,1,2022-02-01
3238,4,2022-02-01
3239,1,2022-02-01
3240,5,2022-02-01
3241,18,2022-02-01
3242,3,2022-02-01
3249,13,2022-02-01
3250,41,2022-02-01
3251,5,2022-02-01
3260,18,2022-02-01
3264,15,2022-02-01
3265,10,2022-02-01
3266,18,2022-02-01
3267,2,2022-02-01
3268,9,2022-02-01
3269,3,2022-02-01
3270,3,2022-02-01
3271,2,2022-02-01
3272,9,2022-02-01
3273,1,2022-02-01
3274,2,2022-02-01
3275,3,2022-02-01
3277,8,2022-02-01
3278,2,2022-02-01
3279,1,2022-02-01
3280,156,2022-02-01
3281,8,2022-02-01
3282,9,2022-02-01
3283,9,2022-02-01
3284,12,2022-02-01
3285,10,2022-02-01
3286,4,2022-02-01
3287,3,2022-02-01
3289,5,2022-02-01
3292,3,2022-02-01
3293,3,2022-02-01
3294,3,2022-02-01
3300,48,2022-02-01
3301,8,2022-02-01
3302,1,2022-02-01
3303,2,2022-02-01
3304,13,2022-02-01
3305,35,2022-02-01
3309,1,2022-02-01
3310,1,2022-02-01
3311,8,2022-02-01
3312,9,2022-02-01
3314,6,2022-02-01
3315,6,2022-02-01
3317,1,2022-02-01
3318,6,2022-02-01
3319,1,2022-02-01
3321,7,2022-02-01
3322,1,2022-02-01
3324,3,2022-02-01
3325,1,2022-02-01
3328,14,2022-02-01
3329,1,2022-02-01
3331,33,2022-02-01
3332,2,2022-02-01
3334,1,2022-02-01
3335,29,2022-02-01
3336,63,2022-02-01
3337,128,2022-02-01
3338,93,2022-02-01
3340,98,2022-02-01
3341,8,2022-02-01
3342,14,2022-02-01
3345,7,2022-02-01
3350,246,2022-02-01
3351,38,2022-02-01
3352,83,2022-02-01
3355,134,2022-02-01
3356,42,2022-02-01
3357,18,2022-02-01
3358,9,2022-02-01
3360,5,2022-02-01
3361,4,2022-02-01
3363,9,2022-02-01
3364,9,2022-02-01
3370,5,2022-02-01
3371,8,2022-02-01
3373,5,2022-02-01
3374,1,2022-02-01
3375,2,2022-02-01
3377,27,2022-02-01
3379,1,2022-02-01
3380,22,2022-02-01
3381,4,2022-02-01
3384,4,2022-02-01
3385,2,2022-02-01
3387,1,2022-02-01
3388,4,2022-02-01
3390,6,2022-02-01
3392,2,2022-02-01
3393,8,2022-02-01
3395,5,2022-02-01
3396,4,2022-02-01
3400,67,2022-02-01
3401,26,2022-02-01
3407,1,2022-02-01
3409,3,2022-02-01
3412,1,2022-02-01
3414,3,2022-02-01
3418,9,2022-02-01
3419,2,2022-02-01
3423,1,2022-02-01
3424,3,2022-02-01
3427,20,2022-02-01
3428,3,2022-02-01
3429,113,2022-02-01
3430,1,2022-02-01
3431,14,2022-02-01
3432,1,2022-02-01
3433,2,2022-02-01
3434,22,2022-02-01
3435,11,2022-02-01
3437,48,2022-02-01
3438,12,2022-02-01
3440,5,2022-02-01
3441,6,2022-02-01
3442,24,2022-02-01
3444,52,2022-02-01
3446,3,2022-02-01
3447,2,2022-02-01
3448,4,2022-02-01
3450,20,2022-02-01
3451,18,2022-02-01
3453,5,2022-02-01
3458,7,2022-02-01
3460,7,2022-02-01
3461,13,2022-02-01
3462,1,2022-02-01
3463,9,2022-02-01
3464,8,2022-02-01
3465,29,2022-02-01
3467,6,2022-02-01
3468,2,2022-02-01
3469,1,2022-02-01
3472,3,2022-02-01
3475,5,2022-02-01
3477,5,2022-02-01
3478,9,2022-02-01
3480,7,2022-02-01
3483,2,2022-02-01
3485,2,2022-02-01
3487,1,2022-02-01
3488,1,2022-02-01
3490,7,2022-02-01
3491,1,2022-02-01
3494,3,2022-02-01
3496,25,2022-02-01
3498,30,2022-02-01
3500,106,2022-02-01
3501,44,2022-02-01
3502,3,2022-02-01
3505,18,2022-02-01
3512,2,2022-02-01
3515,11,2022-02-01
3516,4,2022-02-01
3517,6,2022-02-01
3518,2,2022-02-01
3521,4,2022-02-01
3523,17,2022-02-01
3525,4,2022-02-01
3527,2,2022-02-01
3531,2,2022-02-01
3533,1,2022-02-01
3537,2,2022-02-01
3539,2,2022-02-01
3540,4,2022-02-01
3542,1,2022-02-01
3544,1,2022-02-01
3546,3,2022-02-01
3549,23,2022-02-01
3550,139,2022-02-01
3551,175,2022-02-01
3552,3,2022-02-01
3555,62,2022-02-01
3556,31,2022-02-01
3557,2,2022-02-01
3558,4,2022-02-01
3559,2,2022-02-01
3561,14,2022-02-01
3562,1,2022-02-01
3563,3,2022-02-01
3564,81,2022-02-01
3566,3,2022-02-01
3567,3,2022-02-01
3568,11,2022-02-01
3570,2,2022-02-01
3573,1,2022-02-01
3575,2,2022-02-01
3576,1,2022-02-01
3579,24,2022-02-01
3580,6,2022-02-01
3581,1,2022-02-01
3583,3,2022-02-01
3584,5,2022-02-01
3585,58,2022-02-01
3586,8,2022-02-01
3590,2,2022-02-01
3591,3,2022-02-01
3594,4,2022-02-01
3597,5,2022-02-01
3599,1,2022-02-01
3608,7,2022-02-01
3610,6,2022-02-01
3612,5,2022-02-01
3613,1,2022-02-01
3614,2,2022-02-01
3616,36,2022-02-01
3618,2,2022-02-01
3620,34,2022-02-01
3621,14,2022-02-01
3623,3,2022-02-01
3624,5,2022-02-01
3629,37,2022-02-01
3630,130,2022-02-01
3631,63,2022-02-01
3632,4,2022-02-01
3634,4,2022-02-01
3635,2,2022-02-01
3636,21,2022-02-01
3637,4,2022-02-01
3638,6,2022-02-01
3639,4,2022-02-01
3640,1,2022-02-01
3641,6,2022-02-01
3644,43,2022-02-01
3646,3,2022-02-01
3649,2,2022-02-01
3658,33,2022-02-01
3659,5,2022-02-01
3660,28,2022-02-01
3662,3,2022-02-01
3664,3,2022-02-01
3666,12,2022-02-01
3669,4,2022-02-01
3670,1,2022-02-01
3672,44,2022-02-01
3673,2,2022-02-01
3675,2,2022-02-01
3677,49,2022-02-01
3678,22,2022-02-01
3682,5,2022-02-01
3683,8,2022-02-01
3685,6,2022-02-01
3687,4,2022-02-01
3688,5,2022-02-01
3690,193,2022-02-01
3691,65,2022-02-01
3697,2,2022-02-01
3698,1,2022-02-01
3699,1,2022-02-01
3700,1,2022-02-01
3701,3,2022-02-01
3707,6,2022-02-01
3709,1,2022-02-01
3711,3,2022-02-01
3712,1,2022-02-01
3713,3,2022-02-01
3714,14,2022-02-01
3715,1,2022-02-01
3717,8,2022-02-01
3719,3,2022-02-01
3720,8,2022-02-01
3722,30,2022-02-01
3723,18,2022-02-01
3725,1,2022-02-01
3726,1,2022-02-01
3727,1,2022-02-01
3728,2,2022-02-01
3730,38,2022-02-01
3732,2,2022-02-01
3733,2,2022-02-01
3735,2,2022-02-01
3737,12,2022-02-01
3738,1,2022-02-01
3740,11,2022-02-01
3741,9,2022-02-01
3747,17,2022-02-01
3749,11,2022-02-01
3750,74,2022-02-01
3751,1,2022-02-01
3752,104,2022-02-01
3753,23,2022-02-01
3754,151,2022-02-01
3755,1,2022-02-01
3756,48,2022-02-01
3757,41,2022-02-01
3758,3,2022-02-01
3759,5,2022-02-01
3760,2,2022-02-01
3761,2,2022-02-01
3762,1,2022-02-01
3763,11,2022-02-01
3764,43,2022-02-01
3765,18,2022-02-01
3766,3,2022-02-01
3767,2,2022-02-01
3770,12,2022-02-01
3775,21,2022-02-01
3777,30,2022-02-01
3778,1,2022-02-01
3779,2,2022-02-01
3781,14,2022-02-01
3782,15,2022-02-01
3783,7,2022-02-01
3786,5,2022-02-01
3787,4,2022-02-01
3788,3,2022-02-01
3789,1,2022-02-01
3791,4,2022-02-01
3792,2,2022-02-01
3793,9,2022-02-01
3795,2,2022-02-01
3796,32,2022-02-01
3797,11,2022-02-01
3799,12,2022-02-01
3800,1,2022-02-01
3802,53,2022-02-01
3803,45,2022-02-01
3804,22,2022-02-01
3805,164,2022-02-01
3806,226,2022-02-01
3807,22,2022-02-01
3808,13,2022-02-01
3809,83,2022-02-01
3810,175,2022-02-01
3812,9,2022-02-01
3813,4,2022-02-01
3814,9,2022-02-01
3815,12,2022-02-01
3816,15,2022-02-01
3818,59,2022-02-01
3820,80,2022-02-01
3821,8,2022-02-01
3822,5,2022-02-01
3823,11,2022-02-01
3824,10,2022-02-01
3825,58,2022-02-01
3831,12,2022-02-01
3835,4,2022-02-01
3840,40,2022-02-01
3842,12,2022-02-01
3844,168,2022-02-01
3847,8,2022-02-01
3850,69,2022-02-01
3851,31,2022-02-01
3852,1,2022-02-01
3854,7,2022-02-01
3856,6,2022-02-01
3858,10,2022-02-01
3859,5,2022-02-01
3860,28,2022-02-01
3862,14,2022-02-01
3864,3,2022-02-01
3865,3,2022-02-01
3869,7,2022-02-01
3870,4,2022-02-01
3871,9,2022-02-01
3873,2,2022-02-01
3874,4,2022-02-01
3875,83,2022-02-01
3878,6,2022-02-01
3880,20,2022-02-01
3882,6,2022-02-01
3885,5,2022-02-01
3886,1,2022-02-01
3888,8,2022-02-01
3889,1,2022-02-01
3890,1,2022-02-01
3892,5,2022-02-01
3895,1,2022-02-01
3896,1,2022-02-01
3898,4,2022-02-01
3902,1,2022-02-01
3903,2,2022-02-01
3904,15,2022-02-01
3909,27,2022-02-01
3910,63,2022-02-01
3911,10,2022-02-01
3912,67,2022-02-01
3913,9,2022-02-01
3915,34,2022-02-01
3916,4,2022-02-01
3918,16,2022-02-01
3919,5,2022-02-01
3920,6,2022-02-01
3921,1,2022-02-01
3922,29,2022-02-01
3923,1,2022-02-01
3925,18,2022-02-01
3926,16,2022-02-01
3927,6,2022-02-01
3928,3,2022-02-01
3929,3,2022-02-01
3930,71,2022-02-01
3931,143,2022-02-01
3933,6,2022-02-01
3934,65,2022-02-01
3936,50,2022-02-01
3937,2,2022-02-01
3938,9,2022-02-01
3939,46,2022-02-01
3940,10,2022-02-01
3941,48,2022-02-01
3942,17,2022-02-01
3943,9,2022-02-01
3944,3,2022-02-01
3945,9,2022-02-01
3950,17,2022-02-01
3951,5,2022-02-01
3953,49,2022-02-01
3956,10,2022-02-01
3958,1,2022-02-01
3959,3,2022-02-01
3960,10,2022-02-01
3962,5,2022-02-01
3964,2,2022-02-01
3967,2,2022-02-01
3971,27,2022-02-01
3975,54,2022-02-01
3976,44,2022-02-01
3977,384,2022-02-01
3978,156,2022-02-01
3980,15,2022-02-01
3981,11,2022-02-01
3984,26,2022-02-01
3987,5,2022-02-01
3988,9,2022-02-01
3990,2,2022-02-01
3991,1,2022-02-01
3992,5,2022-02-01
3995,50,2022-02-01
3996,25,2022-02-01
4006,1,2022-02-01
4007,1,2022-02-01
4009,2,2022-02-01
4014,6,2022-02-01
4107,2,2022-02-01
4108,1,2022-02-01
4110,4,2022-02-01
4117,1,2022-02-01
4122,2,2022-02-01
4170,6,2022-02-01
4172,2,2022-02-01
4178,1,2022-02-01
4214,1,2022-02-01
4678,1,2022-02-01
5000,6,2022-02-01
5033,16,2022-02-01
5043,1,2022-02-01
5061,2,2022-02-01
5262,1,2022-02-01
5280,1,2022-02-01
5290,1,2022-02-01
5652,1,2022-02-01
5950,10,2022-02-01
6005,1,2022-02-01
6010,1,2022-02-01
6017,1,2022-02-01
6100,1,2022-02-01
6104,1,2022-02-01
6105,1,2022-02-01
6106,3,2022-02-01
6164,1,2022-02-01
6431,1,2022-02-01
7000,18,2022-02-01
7015,1,2022-02-01
0,1,2022-01-01
820,1,2022-01-01
2000,52,2022-01-01
2020,3,2022-01-01
2060,15,2022-01-01
2064,21,2022-01-01
2065,28,2022-01-01
2069,1,2022-01-01
2073,15,2022-01-01
2093,1,2022-01-01
2100,1,2022-01-01
2102,2,2022-01-01
2103,2,2022-01-01
2113,3,2022-01-01
2128,1,2022-01-01
2141,7,2022-01-01
2147,1,2022-01-01
2148,1,2022-01-01
2153,1,2022-01-01
2170,1,2022-01-01
2190,2,2022-01-01
2209,18,2022-01-01
2212,3,2022-01-01
2229,1,2022-01-01
2231,2,2022-01-01
2232,1,2022-01-01
2250,1,2022-01-01
2296,1,2022-01-01
2304,2,2022-01-01
2548,2,2022-01-01
2549,1,2022-01-01
2619,1,2022-01-01
2640,15,2022-01-01
2641,5,2022-01-01
2642,3,2022-01-01
2646,1,2022-01-01
2650,1,2022-01-01
2707,1,2022-01-01
2710,1,2022-01-01
2731,2,2022-01-01
2737,1,2022-01-01
2766,2,2022-01-01
2795,1,2022-01-01
2800,2,2022-01-01
2878,1,2022-01-01
3000,338,2022-01-01
3001,1,2022-01-01
3002,52,2022-01-01
3003,25,2022-01-01
3004,78,2022-01-01
3005,2,2022-01-01
3006,151,2022-01-01
3008,53,2022-01-01
3011,63,2022-01-01
3012,58,2022-01-01
3013,37,2022-01-01
3015,53,2022-01-01
3016,36,2022-01-01
3018,21,2022-01-01
3019,19,2022-01-01
3020,84,2022-01-01
3021,81,2022-01-01
3022,7,2022-01-01
3023,205,2022-01-01
3024,78,2022-01-01
3025,28,2022-01-01
3026,100,2022-01-01
3027,23,2022-01-01
3028,48,2022-01-01
3029,489,2022-01-01
3030,316,2022-01-01
3031,21,2022-01-01
3032,54,2022-01-01
3033,45,2022-01-01
3034,26,2022-01-01
3036,15,2022-01-01
3037,129,2022-01-01
3038,54,2022-01-01
3039,42,2022-01-01
3040,57,2022-01-01
3041,143,2022-01-01
3042,44,2022-01-01
3043,239,2022-01-01
3044,69,2022-01-01
3045,5,2022-01-01
3046,62,2022-01-01
3047,18,2022-01-01
3048,26,2022-01-01
3049,23,2022-01-01
3051,37,2022-01-01
3052,15,2022-01-01
3053,38,2022-01-01
3054,14,2022-01-01
3055,29,2022-01-01
3056,112,2022-01-01
3057,19,2022-01-01
3058,69,2022-01-01
3059,58,2022-01-01
3060,25,2022-01-01
3061,76,2022-01-01
3062,28,2022-01-01
3063,3,2022-01-01
3064,252,2022-01-01
3065,24,2022-01-01
3066,24,2022-01-01
3067,22,2022-01-01
3068,32,2022-01-01
3070,33,2022-01-01
3071,23,2022-01-01
3072,149,2022-01-01
3073,87,2022-01-01
3074,55,2022-01-01
3075,30,2022-01-01
3076,79,2022-01-01
3078,67,2022-01-01
3079,31,2022-01-01
3081,21,2022-01-01
3082,51,2022-01-01
3083,86,2022-01-01
3084,65,2022-01-01
3085,27,2022-01-01
3087,20,2022-01-01
3088,62,2022-01-01
3089,38,2022-01-01
3090,12,2022-01-01
3091,2,2022-01-01
3093,11,2022-01-01
3094,15,2022-01-01
3095,65,2022-01-01
3096,3,2022-01-01
3097,5,2022-01-01
3099,13,2022-01-01
3101,70,2022-01-01
3102,13,2022-01-01
3103,41,2022-01-01
3104,41,2022-01-01
3105,23,2022-01-01
3106,33,2022-01-01
3107,34,2022-01-01
3108,232,2022-01-01
3109,69,2022-01-01
3111,28,2022-01-01
3113,22,2022-01-01
3114,14,2022-01-01
3115,16,2022-01-01
3116,43,2022-01-01
3121,236,2022-01-01
3122,38,2022-01-01
3123,40,2022-01-01
3124,50,2022-01-01
3125,80,2022-01-01
3126,14,2022-01-01
3127,40,2022-01-01
3128,55,2022-01-01
3129,35,2022-01-01
3130,95,2022-01-01
3131,83,2022-01-01
3132,43,2022-01-01
3133,36,2022-01-01
3134,141,2022-01-01
3135,42,2022-01-01
3136,129,2022-01-01
3137,42,2022-01-01
3138,61,2022-01-01
3139,44,2022-01-01
3140,68,2022-01-01
3141,47,2022-01-01
3142,50,2022-01-01
3143,23,2022-01-01
3144,51,2022-01-01
3145,45,2022-01-01
3146,64,2022-01-01
3147,28,2022-01-01
3148,27,2022-01-01
3149,86,2022-01-01
3150,183,2022-01-01
3151,46,2022-01-01
3152,91,2022-01-01
3153,87,2022-01-01
3154,12,2022-01-01
3155,45,2022-01-01
3156,113,2022-01-01
3158,12,2022-01-01
3159,8,2022-01-01
3160,20,2022-01-01
3161,43,2022-01-01
3162,35,2022-01-01
3163,52,2022-01-01
3164,2,2022-01-01
3165,66,2022-01-01
3166,63,2022-01-01
3167,23,2022-01-01
3168,83,2022-01-01
3169,35,2022-01-01
3170,462,2022-01-01
3171,44,2022-01-01
3172,46,2022-01-01
3173,67,2022-01-01
3174,74,2022-01-01
3175,230,2022-01-01
3177,19,2022-01-01
3178,94,2022-01-01
3179,15,2022-01-01
3180,31,2022-01-01
3181,43,2022-01-01
3182,38,2022-01-01
3183,25,2022-01-01
3184,21,2022-01-01
3185,56,2022-01-01
3186,64,2022-01-01
3187,62,2022-01-01
3188,41,2022-01-01
3189,65,2022-01-01
3190,27,2022-01-01
3191,29,2022-01-01
3192,89,2022-01-01
3193,54,2022-01-01
3194,27,2022-01-01
3195,122,2022-01-01
3196,72,2022-01-01
3197,36,2022-01-01
3198,73,2022-01-01
3199,114,2022-01-01
3200,5,2022-01-01
3201,81,2022-01-01
3202,22,2022-01-01
3204,94,2022-01-01
3205,151,2022-01-01
3206,18,2022-01-01
3207,82,2022-01-01
3211,3,2022-01-01
3212,53,2022-01-01
3213,7,2022-01-01
3214,42,2022-01-01
3215,68,2022-01-01
3216,184,2022-01-01
3217,81,2022-01-01
3218,50,2022-01-01
3219,47,2022-01-01
3220,207,2022-01-01
3221,9,2022-01-01
3222,51,2022-01-01
3223,24,2022-01-01
3224,39,2022-01-01
3225,15,2022-01-01
3226,58,2022-01-01
3227,17,2022-01-01
3228,73,2022-01-01
3230,9,2022-01-01
3231,6,2022-01-01
3232,6,2022-01-01
3233,5,2022-01-01
3234,1,2022-01-01
3235,1,2022-01-01
3236,1,2022-01-01
3238,1,2022-01-01
3240,9,2022-01-01
3241,12,2022-01-01
3242,1,2022-01-01
3243,2,2022-01-01
3249,7,2022-01-01
3250,28,2022-01-01
3251,1,2022-01-01
3260,14,2022-01-01
3264,10,2022-01-01
3265,6,2022-01-01
3266,11,2022-01-01
3268,7,2022-01-01
3269,4,2022-01-01
3271,2,2022-01-01
3272,4,2022-01-01
3274,1,2022-01-01
3275,2,2022-01-01
3277,4,2022-01-01
3278,1,2022-01-01
3280,117,2022-01-01
3281,5,2022-01-01
3282,4,2022-01-01
3283,5,2022-01-01
3284,14,2022-01-01
3285,3,2022-01-01
3286,6,2022-01-01
3287,2,2022-01-01
3289,3,2022-01-01
3293,1,2022-01-01
3294,2,2022-01-01
3300,42,2022-01-01
3301,3,2022-01-01
3302,1,2022-01-01
3304,6,2022-01-01
3305,34,2022-01-01
3311,4,2022-01-01
3312,2,2022-01-01
3314,5,2022-01-01
3315,7,2022-01-01
3317,2,2022-01-01
3318,2,2022-01-01
3319,1,2022-01-01
3321,8,2022-01-01
3322,1,2022-01-01
3323,3,2022-01-01
3324,2,2022-01-01
3325,3,2022-01-01
3328,7,2022-01-01
3329,2,2022-01-01
3330,2,2022-01-01
3331,16,2022-01-01
3332,5,2022-01-01
3333,5,2022-01-01
3335,20,2022-01-01
3336,52,2022-01-01
3337,138,2022-01-01
3338,85,2022-01-01
3340,104,2022-01-01
3341,9,2022-01-01
3342,13,2022-01-01
3345,6,2022-01-01
3350,188,2022-01-01
3351,20,2022-01-01
3352,70,2022-01-01
3355,71,2022-01-01
3356,26,2022-01-01
3357,5,2022-01-01
3358,14,2022-01-01
3360,2,2022-01-01
3361,1,2022-01-01
3363,5,2022-01-01
3364,9,2022-01-01
3370,4,2022-01-01
3371,4,2022-01-01
3373,6,2022-01-01
3374,2,2022-01-01
3375,2,2022-01-01
3377,21,2022-01-01
3378,1,2022-01-01
3379,2,2022-01-01
3380,12,2022-01-01
3381,5,2022-01-01
3384,1,2022-01-01
3387,3,2022-01-01
3388,2,2022-01-01
3390,2,2022-01-01
3392,2,2022-01-01
3393,8,2022-01-01
3395,3,2022-01-01
3396,1,2022-01-01
3400,51,2022-01-01
3401,22,2022-01-01
3407,3,2022-01-01
3409,4,2022-01-01
3413,1,2022-01-01
3414,5,2022-01-01
3418,20,2022-01-01
3419,4,2022-01-01
3423,2,2022-01-01
3424,3,2022-01-01
3427,20,2022-01-01
3428,4,2022-01-01
3429,100,2022-01-01
3430,2,2022-01-01
3431,12,2022-01-01
3432,2,2022-01-01
3434,21,2022-01-01
3435,16,2022-01-01
3437,36,2022-01-01
3438,8,2022-01-01
3440,4,2022-01-01
3441,2,2022-01-01
3442,17,2022-01-01
3444,23,2022-01-01
3446,3,2022-01-01
3447,4,2022-01-01
3448,1,2022-01-01
3450,18,2022-01-01
3451,12,2022-01-01
3453,11,2022-01-01
3458,4,2022-01-01
3460,7,2022-01-01
3461,11,2022-01-01
3462,1,2022-01-01
3463,5,2022-01-01
3464,4,2022-01-01
3465,23,2022-01-01
3467,3,2022-01-01
3472,1,2022-01-01
3477,1,2022-01-01
3478,3,2022-01-01
3480,6,2022-01-01
3482,2,2022-01-01
3483,5,2022-01-01
3485,1,2022-01-01
3487,2,2022-01-01
3488,2,2022-01-01
3490,6,2022-01-01
3491,1,2022-01-01
3494,4,2022-01-01
3496,18,2022-01-01
3498,23,2022-01-01
3500,129,2022-01-01
3501,18,2022-01-01
3502,2,2022-01-01
3505,12,2022-01-01
3512,1,2022-01-01
3515,11,2022-01-01
3516,2,2022-01-01
3517,4,2022-01-01
3518,4,2022-01-01
3521,4,2022-01-01
3522,1,2022-01-01
3523,7,2022-01-01
3525,2,2022-01-01
3527,1,2022-01-01
3529,3,2022-01-01
3533,4,2022-01-01
3537,4,2022-01-01
3546,3,2022-01-01
3549,33,2022-01-01
3550,138,2022-01-01
3551,131,2022-01-01
3552,3,2022-01-01
3555,51,2022-01-01
3556,31,2022-01-01
3557,3,2022-01-01
3558,3,2022-01-01
3559,1,2022-01-01
3561,18,2022-01-01
3563,3,2022-01-01
3564,71,2022-01-01
3566,6,2022-01-01
3567,1,2022-01-01
3568,10,2022-01-01
3571,1,2022-01-01
3573,2,2022-01-01
3575,2,2022-01-01
3579,15,2022-01-01
3580,5,2022-01-01
3581,1,2022-01-01
3584,1,2022-01-01
3585,47,2022-01-01
3586,1,2022-01-01
3591,1,2022-01-01
3594,4,2022-01-01
3595,2,2022-01-01
3597,2,2022-01-01
3607,1,2022-01-01
3608,5,2022-01-01
3610,5,2022-01-01
3612,7,2022-01-01
3614,2,2022-01-01
3616,21,2022-01-01
3617,3,2022-01-01
3620,28,2022-01-01
3621,2,2022-01-01
3622,2,2022-01-01
3623,3,2022-01-01
3624,2,2022-01-01
3629,25,2022-01-01
3630,127,2022-01-01
3631,54,2022-01-01
3633,3,2022-01-01
3634,9,2022-01-01
3635,4,2022-01-01
3636,14,2022-01-01
3637,3,2022-01-01
3638,12,2022-01-01
3639,1,2022-01-01
3640,1,2022-01-01
3641,10,2022-01-01
3644,26,2022-01-01
3646,3,2022-01-01
3649,2,2022-01-01
3658,13,2022-01-01
3659,1,2022-01-01
3660,31,2022-01-01
3662,2,2022-01-01
3664,6,2022-01-01
3665,1,2022-01-01
3666,13,2022-01-01
3669,2,2022-01-01
3670,1,2022-01-01
3672,33,2022-01-01
3673,3,2022-01-01
3675,6,2022-01-01
3677,58,2022-01-01
3678,23,2022-01-01
3682,1,2022-01-01
3683,4,2022-01-01
3685,11,2022-01-01
3687,3,2022-01-01
3688,6,2022-01-01
3689,1,2022-01-01
3690,121,2022-01-01
3691,49,2022-01-01
3695,2,2022-01-01
3697,4,2022-01-01
3698,3,2022-01-01
3699,3,2022-01-01
3700,3,2022-01-01
3701,2,2022-01-01
3705,1,2022-01-01
3707,4,2022-01-01
3709,2,2022-01-01
3711,1,2022-01-01
3713,2,2022-01-01
3714,7,2022-01-01
3715,1,2022-01-01
3717,14,2022-01-01
3719,3,2022-01-01
3720,1,2022-01-01
3722,24,2022-01-01
3723,7,2022-01-01
3725,3,2022-01-01
3726,1,2022-01-01
3727,1,2022-01-01
3728,2,2022-01-01
3730,53,2022-01-01
3735,2,2022-01-01
3737,20,2022-01-01
3738,1,2022-01-01
3739,2,2022-01-01
3740,8,2022-01-01
3741,13,2022-01-01
3744,1,2022-01-01
3747,21,2022-01-01
3749,6,2022-01-01
3750,70,2022-01-01
3752,66,2022-01-01
3753,17,2022-01-01
3754,155,2022-01-01
3756,46,2022-01-01
3757,38,2022-01-01
3758,5,2022-01-01
3760,1,2022-01-01
3761,2,2022-01-01
3763,8,2022-01-01
3764,34,2022-01-01
3765,17,2022-01-01
3766,6,2022-01-01
3767,3,2022-01-01
3770,11,2022-01-01
3775,11,2022-01-01
3777,47,2022-01-01
3778,1,2022-01-01
3779,3,2022-01-01
3781,6,2022-01-01
3782,27,2022-01-01
3783,5,2022-01-01
3786,2,2022-01-01
3787,1,2022-01-01
3788,3,2022-01-01
3792,1,2022-01-01
3793,17,2022-01-01
3795,5,2022-01-01
3796,28,2022-01-01
3797,5,2022-01-01
3799,14,2022-01-01
3802,53,2022-01-01
3803,52,2022-01-01
3804,30,2022-01-01
3805,147,2022-01-01
3806,232,2022-01-01
3807,34,2022-01-01
3808,4,2022-01-01
3809,66,2022-01-01
3810,135,2022-01-01
3812,5,2022-01-01
3813,3,2022-01-01
3814,7,2022-01-01
3815,13,2022-01-01
3816,8,2022-01-01
3818,55,2022-01-01
3820,74,2022-01-01
3821,6,2022-01-01
3822,4,2022-01-01
3823,5,2022-01-01
3824,12,2022-01-01
3825,52,2022-01-01
3831,11,2022-01-01
3832,1,2022-01-01
3835,2,2022-01-01
3840,52,2022-01-01
3842,8,2022-01-01
3844,134,2022-01-01
3847,7,2022-01-01
3850,65,2022-01-01
3851,20,2022-01-01
3852,1,2022-01-01
3854,2,2022-01-01
3856,5,2022-01-01
3858,7,2022-01-01
3859,2,2022-01-01
3860,23,2022-01-01
3862,9,2022-01-01
3864,1,2022-01-01
3865,4,2022-01-01
3869,6,2022-01-01
3870,2,2022-01-01
3871,5,2022-01-01
3873,1,2022-01-01
3874,1,2022-01-01
3875,75,2022-01-01
3878,2,2022-01-01
3880,11,2022-01-01
3882,3,2022-01-01
3885,5,2022-01-01
3886,1,2022-01-01
3888,8,2022-01-01
3889,1,2022-01-01
3890,1,2022-01-01
3891,1,2022-01-01
3892,3,2022-01-01
3893,1,2022-01-01
3898,2,2022-01-01
3902,4,2022-01-01
3903,2,2022-01-01
3904,5,2022-01-01
3909,25,2022-01-01
3910,74,2022-01-01
3911,15,2022-01-01
3912,46,2022-01-01
3913,10,2022-01-01
3915,20,2022-01-01
3916,6,2022-01-01
3918,7,2022-01-01
3919,13,2022-01-01
3922,26,2022-01-01
3923,5,2022-01-01
3925,16,2022-01-01
3926,12,2022-01-01
3927,6,2022-01-01
3929,7,2022-01-01
3930,55,2022-01-01
3931,132,2022-01-01
3933,5,2022-01-01
3934,45,2022-01-01
3936,29,2022-01-01
3937,5,2022-01-01
3938,7,2022-01-01
3939,35,2022-01-01
3940,10,2022-01-01
3941,33,2022-01-01
3942,7,2022-01-01
3943,5,2022-01-01
3944,4,2022-01-01
3945,1,2022-01-01
3950,16,2022-01-01
3951,1,2022-01-01
3953,42,2022-01-01
3956,10,2022-01-01
3957,5,2022-01-01
3959,4,2022-01-01
3960,12,2022-01-01
3962,2,2022-01-01
3965,1,2022-01-01
3966,1,2022-01-01
3971,19,2022-01-01
3975,53,2022-01-01
3976,47,2022-01-01
3977,319,2022-01-01
3978,140,2022-01-01
3979,1,2022-01-01
3980,12,2022-01-01
3981,18,2022-01-01
3984,19,2022-01-01
3987,3,2022-01-01
3988,10,2022-01-01
3991,4,2022-01-01
3992,5,2022-01-01
3995,31,2022-01-01
3996,29,2022-01-01
4019,1,2022-01-01
4076,1,2022-01-01
4106,1,2022-01-01
4119,1,2022-01-01
4131,2,2022-01-01
4132,1,2022-01-01
4178,2,2022-01-01
4209,1,2022-01-01
4300,1,2022-01-01
4350,1,2022-01-01
4565,1,2022-01-01
4575,1,2022-01-01
4670,2,2022-01-01
4680,1,2022-01-01
4803,1,2022-01-01
4870,1,2022-01-01
5000,8,2022-01-01
5033,3,2022-01-01
5061,1,2022-01-01
5063,1,2022-01-01
5076,1,2022-01-01
5280,2,2022-01-01
5333,1,2022-01-01
6030,3,2022-01-01
6104,1,2022-01-01
6106,10,2022-01-01
7000,12,2022-01-01
7005,1,2022-01-01
2000,42,2022-06-01
2015,1,2022-06-01
2019,3,2022-06-01
2020,45,2022-06-01
2027,1,2022-06-01
2046,1,2022-06-01
2060,2,2022-06-01
2064,22,2022-06-01
2065,54,2022-06-01
2071,1,2022-06-01
2073,12,2022-06-01
2077,1,2022-06-01
2080,4,2022-06-01
2085,1,2022-06-01
2102,1,2022-06-01
2103,6,2022-06-01
2111,1,2022-06-01
2113,6,2022-06-01
2138,1,2022-06-01
2141,2,2022-06-01
2145,1,2022-06-01
2148,4,2022-06-01
2151,1,2022-06-01
2164,3,2022-06-01
2170,4,2022-06-01
2190,3,2022-06-01
2193,1,2022-06-01
2198,2,2022-06-01
2206,1,2022-06-01
2209,4,2022-06-01
2212,2,2022-06-01
2228,1,2022-06-01
2231,4,2022-06-01
2232,2,2022-06-01
2256,1,2022-06-01
2481,2,2022-06-01
2529,1,2022-06-01
2533,1,2022-06-01
2536,1,2022-06-01
2566,1,2022-06-01
2640,39,2022-06-01
2641,6,2022-06-01
2643,1,2022-06-01
2644,2,2022-06-01
2646,7,2022-06-01
2647,1,2022-06-01
2650,2,2022-06-01
2652,1,2022-06-01
2680,1,2022-06-01
2710,2,2022-06-01
2711,1,2022-06-01
2713,1,2022-06-01
2714,2,2022-06-01
2731,2,2022-06-01
2732,2,2022-06-01
2733,1,2022-06-01
2736,1,2022-06-01
2738,1,2022-06-01
2765,1,2022-06-01
2766,2,2022-06-01
2799,1,2022-06-01
3000,535,2022-06-01
3001,1,2022-06-01
3002,68,2022-06-01
3003,20,2022-06-01
3004,196,2022-06-01
3005,4,2022-06-01
3006,232,2022-06-01
3008,62,2022-06-01
3011,88,2022-06-01
3012,71,2022-06-01
3013,40,2022-06-01
3015,56,2022-06-01
3016,60,2022-06-01
3018,64,2022-06-01
3019,68,2022-06-01
3020,125,2022-06-01
3021,79,2022-06-01
3022,9,2022-06-01
3023,192,2022-06-01
3024,96,2022-06-01
3025,124,2022-06-01
3026,155,2022-06-01
3027,38,2022-06-01
3028,58,2022-06-01
3029,504,2022-06-01
3030,392,2022-06-01
3031,25,2022-06-01
3032,89,2022-06-01
3033,48,2022-06-01
3034,25,2022-06-01
3036,19,2022-06-01
3037,131,2022-06-01
3038,64,2022-06-01
3039,54,2022-06-01
3040,92,2022-06-01
3041,140,2022-06-01
3042,72,2022-06-01
3043,660,2022-06-01
3044,58,2022-06-01
3045,8,2022-06-01
3046,68,2022-06-01
3047,45,2022-06-01
3048,24,2022-06-01
3049,35,2022-06-01
3051,33,2022-06-01
3052,27,2022-06-01
3053,17,2022-06-01
3054,13,2022-06-01
3055,23,2022-06-01
3056,163,2022-06-01
3057,21,2022-06-01
3058,109,2022-06-01
3059,76,2022-06-01
3060,43,2022-06-01
3061,117,2022-06-01
3062,17,2022-06-01
3064,411,2022-06-01
3065,23,2022-06-01
3066,69,2022-06-01
3067,26,2022-06-01
3068,41,2022-06-01
3070,60,2022-06-01
3071,47,2022-06-01
3072,148,2022-06-01
3073,99,2022-06-01
3074,73,2022-06-01
3075,48,2022-06-01
3076,150,2022-06-01
3078,87,2022-06-01
3079,31,2022-06-01
3081,47,2022-06-01
3082,94,2022-06-01
3083,96,2022-06-01
3084,71,2022-06-01
3085,44,2022-06-01
3087,20,2022-06-01
3088,90,2022-06-01
3089,46,2022-06-01
3090,10,2022-06-01
3091,11,2022-06-01
3093,8,2022-06-01
3094,24,2022-06-01
3095,89,2022-06-01
3096,7,2022-06-01
3097,7,2022-06-01
3099,21,2022-06-01
3101,60,2022-06-01
3102,19,2022-06-01
3103,44,2022-06-01
3104,84,2022-06-01
3105,28,2022-06-01
3106,60,2022-06-01
3107,37,2022-06-01
3108,288,2022-06-01
3109,84,2022-06-01
3111,31,2022-06-01
3113,35,2022-06-01
3114,19,2022-06-01
3115,21,2022-06-01
3116,56,2022-06-01
3121,514,2022-06-01
3122,44,2022-06-01
3123,58,2022-06-01
3124,63,2022-06-01
3125,69,2022-06-01
3126,34,2022-06-01
3127,54,2022-06-01
3128,77,2022-06-01
3129,48,2022-06-01
3130,89,2022-06-01
3131,104,2022-06-01
3132,58,2022-06-01
3133,50,2022-06-01
3134,135,2022-06-01
3135,46,2022-06-01
3136,155,2022-06-01
3137,60,2022-06-01
3138,72,2022-06-01
3139,46,2022-06-01
3140,57,2022-06-01
3141,110,2022-06-01
3142,68,2022-06-01
3143,23,2022-06-01
3144,63,2022-06-01
3145,66,2022-06-01
3146,64,2022-06-01
3147,26,2022-06-01
3148,32,2022-06-01
3149,123,2022-06-01
3150,225,2022-06-01
3151,42,2022-06-01
3152,104,2022-06-01
3153,122,2022-06-01
3154,11,2022-06-01
3155,41,2022-06-01
3156,171,2022-06-01
3158,7,2022-06-01
3159,5,2022-06-01
3160,16,2022-06-01
3161,37,2022-06-01
3162,49,2022-06-01
3163,58,2022-06-01
3164,7,2022-06-01
3165,69,2022-06-01
3166,98,2022-06-01
3167,27,2022-06-01
3168,161,2022-06-01
3169,46,2022-06-01
3170,405,2022-06-01
3171,47,2022-06-01
3172,49,2022-06-01
3173,103,2022-06-01
3174,78,2022-06-01
3175,352,2022-06-01
3177,29,2022-06-01
3178,119,2022-06-01
3179,25,2022-06-01
3180,25,2022-06-01
3181,46,2022-06-01
3182,39,2022-06-01
3183,36,2022-06-01
3184,37,2022-06-01
3185,46,2022-06-01
3186,93,2022-06-01
3187,56,2022-06-01
3188,40,2022-06-01
3189,115,2022-06-01
3190,34,2022-06-01
3191,24,2022-06-01
3192,126,2022-06-01
3193,59,2022-06-01
3194,36,2022-06-01
3195,144,2022-06-01
3196,53,2022-06-01
3197,29,2022-06-01
3198,62,2022-06-01
3199,207,2022-06-01
3200,7,2022-06-01
3201,89,2022-06-01
3202,48,2022-06-01
3204,105,2022-06-01
3205,124,2022-06-01
3206,29,2022-06-01
3207,128,2022-06-01
3211,5,2022-06-01
3212,95,2022-06-01
3213,16,2022-06-01
3214,50,2022-06-01
3215,63,2022-06-01
3216,167,2022-06-01
3217,66,2022-06-01
3218,49,2022-06-01
3219,49,2022-06-01
3220,248,2022-06-01
3221,27,2022-06-01
3222,66,2022-06-01
3223,47,2022-06-01
3224,35,2022-06-01
3225,34,2022-06-01
3226,85,2022-06-01
3227,15,2022-06-01
3228,79,2022-06-01
3230,8,2022-06-01
3231,2,2022-06-01
3232,1,2022-06-01
3233,8,2022-06-01
3234,2,2022-06-01
3235,3,2022-06-01
3236,2,2022-06-01
3237,2,2022-06-01
3238,3,2022-06-01
3239,1,2022-06-01
3240,11,2022-06-01
3241,16,2022-06-01
3242,4,2022-06-01
3243,2,2022-06-01
3249,14,2022-06-01
3250,42,2022-06-01
3251,2,2022-06-01
3260,25,2022-06-01
3264,8,2022-06-01
3265,9,2022-06-01
3266,19,2022-06-01
3268,17,2022-06-01
3269,6,2022-06-01
3270,2,2022-06-01
3271,1,2022-06-01
3272,7,2022-06-01
3273,3,2022-06-01
3274,1,2022-06-01
3276,5,2022-06-01
3277,10,2022-06-01
3278,1,2022-06-01
3279,4,2022-06-01
3280,176,2022-06-01
3281,8,2022-06-01
3282,9,2022-06-01
3283,4,2022-06-01
3284,16,2022-06-01
3285,3,2022-06-01
3286,1,2022-06-01
3287,3,2022-06-01
3289,12,2022-06-01
3293,1,2022-06-01
3294,12,2022-06-01
3300,55,2022-06-01
3301,7,2022-06-01
3302,2,2022-06-01
3303,1,2022-06-01
3304,20,2022-06-01
3305,49,2022-06-01
3310,1,2022-06-01
3311,9,2022-06-01
3312,6,2022-06-01
3314,8,2022-06-01
3315,9,2022-06-01
3318,11,2022-06-01
3319,1,2022-06-01
3321,6,2022-06-01
3323,1,2022-06-01
3324,1,2022-06-01
3325,4,2022-06-01
3328,7,2022-06-01
3329,1,2022-06-01
3331,25,2022-06-01
3332,3,2022-06-01
3333,4,2022-06-01
3334,2,2022-06-01
3335,33,2022-06-01
3336,73,2022-06-01
3337,128,2022-06-01
3338,104,2022-06-01
3340,101,2022-06-01
3341,1,2022-06-01
3342,19,2022-06-01
3345,4,2022-06-01
3350,215,2022-06-01
3351,28,2022-06-01
3352,96,2022-06-01
3355,106,2022-06-01
3356,35,2022-06-01
3357,8,2022-06-01
3358,13,2022-06-01
3360,3,2022-06-01
3361,4,2022-06-01
3363,11,2022-06-01
3364,11,2022-06-01
3370,4,2022-06-01
3371,2,2022-06-01
3373,18,2022-06-01
3374,2,2022-06-01
3375,1,2022-06-01
3377,42,2022-06-01
3378,2,2022-06-01
3379,9,2022-06-01
3380,16,2022-06-01
3381,9,2022-06-01
3384,3,2022-06-01
3385,1,2022-06-01
3387,2,2022-06-01
3388,5,2022-06-01
3390,4,2022-06-01
3391,1,2022-06-01
3392,2,2022-06-01
3393,15,2022-06-01
3395,2,2022-06-01
3396,2,2022-06-01
3400,87,2022-06-01
3401,24,2022-06-01
3407,2,2022-06-01
3409,7,2022-06-01
3412,1,2022-06-01
3413,2,2022-06-01
3414,9,2022-06-01
3418,10,2022-06-01
3419,3,2022-06-01
3420,2,2022-06-01
3423,1,2022-06-01
3424,4,2022-06-01
3427,25,2022-06-01
3428,6,2022-06-01
3429,139,2022-06-01
3431,18,2022-06-01
3432,1,2022-06-01
3433,2,2022-06-01
3434,23,2022-06-01
3435,14,2022-06-01
3437,50,2022-06-01
3438,7,2022-06-01
3440,6,2022-06-01
3441,8,2022-06-01
3442,28,2022-06-01
3444,42,2022-06-01
3446,2,2022-06-01
3447,4,2022-06-01
3448,2,2022-06-01
3450,22,2022-06-01
3451,11,2022-06-01
3453,7,2022-06-01
3458,8,2022-06-01
3460,10,2022-06-01
3461,10,2022-06-01
3462,4,2022-06-01
3463,16,2022-06-01
3464,2,2022-06-01
3465,24,2022-06-01
3467,11,2022-06-01
3469,1,2022-06-01
3472,5,2022-06-01
3475,5,2022-06-01
3477,3,2022-06-01
3478,7,2022-06-01
3480,10,2022-06-01
3483,3,2022-06-01
3485,2,2022-06-01
3488,1,2022-06-01
3489,1,2022-06-01
3490,5,2022-06-01
3491,1,2022-06-01
3494,5,2022-06-01
3496,23,2022-06-01
3498,26,2022-06-01
3500,142,2022-06-01
3501,32,2022-06-01
3502,6,2022-06-01
3505,17,2022-06-01
3507,1,2022-06-01
3509,6,2022-06-01
3512,1,2022-06-01
3515,12,2022-06-01
3516,4,2022-06-01
3517,1,2022-06-01
3518,6,2022-06-01
3521,2,2022-06-01
3523,13,2022-06-01
3525,5,2022-06-01
3527,6,2022-06-01
3529,2,2022-06-01
3530,1,2022-06-01
3533,6,2022-06-01
3537,2,2022-06-01
3540,1,2022-06-01
3546,1,2022-06-01
3549,41,2022-06-01
3550,148,2022-06-01
3551,195,2022-06-01
3555,52,2022-06-01
3556,35,2022-06-01
3557,6,2022-06-01
3558,6,2022-06-01
3559,4,2022-06-01
3561,27,2022-06-01
3562,2,2022-06-01
3563,1,2022-06-01
3564,88,2022-06-01
3565,1,2022-06-01
3566,2,2022-06-01
3567,1,2022-06-01
3568,14,2022-06-01
3570,3,2022-06-01
3572,1,2022-06-01
3575,3,2022-06-01
3579,25,2022-06-01
3580,6,2022-06-01
3583,1,2022-06-01
3584,12,2022-06-01
3585,66,2022-06-01
3586,3,2022-06-01
3588,1,2022-06-01
3589,2,2022-06-01
3590,5,2022-06-01
3591,1,2022-06-01
3594,2,2022-06-01
3596,1,2022-06-01
3597,3,2022-06-01
3607,1,2022-06-01
3608,13,2022-06-01
3610,7,2022-06-01
3612,9,2022-06-01
3614,5,2022-06-01
3616,19,2022-06-01
3617,1,2022-06-01
3618,2,2022-06-01
3620,23,2022-06-01
3621,11,2022-06-01
3622,3,2022-06-01
3623,4,2022-06-01
3624,2,2022-06-01
3629,31,2022-06-01
3630,141,2022-06-01
3631,68,2022-06-01
3632,4,2022-06-01
3633,5,2022-06-01
3634,9,2022-06-01
3635,3,2022-06-01
3636,26,2022-06-01
3637,3,2022-06-01
3638,10,2022-06-01
3639,3,2022-06-01
3640,5,2022-06-01
3641,8,2022-06-01
3644,37,2022-06-01
3646,3,2022-06-01
3649,2,2022-06-01
3658,18,2022-06-01
3659,2,2022-06-01
3660,54,2022-06-01
3662,5,2022-06-01
3664,4,2022-06-01
3666,18,2022-06-01
3669,11,2022-06-01
3670,4,2022-06-01
3672,40,2022-06-01
3673,6,2022-06-01
3675,9,2022-06-01
3677,80,2022-06-01
3678,27,2022-06-01
3682,3,2022-06-01
3683,6,2022-06-01
3685,15,2022-06-01
3687,1,2022-06-01
3688,8,2022-06-01
3689,1,2022-06-01
3690,219,2022-06-01
3691,65,2022-06-01
3695,6,2022-06-01
3697,2,2022-06-01
3698,2,2022-06-01
3699,2,2022-06-01
3700,5,2022-06-01
3701,1,2022-06-01
3705,2,2022-06-01
3707,5,2022-06-01
3709,3,2022-06-01
3712,1,2022-06-01
3713,5,2022-06-01
3714,25,2022-06-01
3715,1,2022-06-01
3717,17,2022-06-01
3718,1,2022-06-01
3719,6,2022-06-01
3720,5,2022-06-01
3722,34,2022-06-01
3723,14,2022-06-01
3726,2,2022-06-01
3727,4,2022-06-01
3728,1,2022-06-01
3730,56,2022-06-01
3732,4,2022-06-01
3733,2,2022-06-01
3735,5,2022-06-01
3737,18,2022-06-01
3738,1,2022-06-01
3739,2,2022-06-01
3740,6,2022-06-01
3741,22,2022-06-01
3744,4,2022-06-01
3746,1,2022-06-01
3747,21,2022-06-01
3749,3,2022-06-01
3750,87,2022-06-01
3751,1,2022-06-01
3752,66,2022-06-01
3753,25,2022-06-01
3754,164,2022-06-01
3755,2,2022-06-01
3756,53,2022-06-01
3757,29,2022-06-01
3758,10,2022-06-01
3759,5,2022-06-01
3760,2,2022-06-01
3761,2,2022-06-01
3763,8,2022-06-01
3764,37,2022-06-01
3765,24,2022-06-01
3766,3,2022-06-01
3767,1,2022-06-01
3770,18,2022-06-01
3775,20,2022-06-01
3777,29,2022-06-01
3779,1,2022-06-01
3781,15,2022-06-01
3782,22,2022-06-01
3783,13,2022-06-01
3786,8,2022-06-01
3787,1,2022-06-01
3788,3,2022-06-01
3791,2,2022-06-01
3792,2,2022-06-01
3793,17,2022-06-01
3795,8,2022-06-01
3796,32,2022-06-01
3797,15,2022-06-01
3799,17,2022-06-01
3802,59,2022-06-01
3803,59,2022-06-01
3804,27,2022-06-01
3805,161,2022-06-01
3806,286,2022-06-01
3807,31,2022-06-01
3808,20,2022-06-01
3809,73,2022-06-01
3810,197,2022-06-01
3812,10,2022-06-01
3813,3,2022-06-01
3814,10,2022-06-01
3815,19,2022-06-01
3816,12,2022-06-01
3818,59,2022-06-01
3820,81,2022-06-01
3821,10,2022-06-01
3822,3,2022-06-01
3823,5,2022-06-01
3824,24,2022-06-01
3825,58,2022-06-01
3831,10,2022-06-01
3832,1,2022-06-01
3835,1,2022-06-01
3840,54,2022-06-01
3842,15,2022-06-01
3844,201,2022-06-01
3847,13,2022-06-01
3850,65,2022-06-01
3851,20,2022-06-01
3852,1,2022-06-01
3854,11,2022-06-01
3856,7,2022-06-01
3857,3,2022-06-01
3858,14,2022-06-01
3859,3,2022-06-01
3860,41,2022-06-01
3862,17,2022-06-01
3864,2,2022-06-01
3865,4,2022-06-01
3869,8,2022-06-01
3870,4,2022-06-01
3871,9,2022-06-01
3874,5,2022-06-01
3875,116,2022-06-01
3878,5,2022-06-01
3880,18,2022-06-01
3882,8,2022-06-01
3885,9,2022-06-01
3886,1,2022-06-01
3887,1,2022-06-01
3888,17,2022-06-01
3890,2,2022-06-01
3891,1,2022-06-01
3892,6,2022-06-01
3893,2,2022-06-01
3895,4,2022-06-01
3896,2,2022-06-01
3898,6,2022-06-01
3902,1,2022-06-01
3903,8,2022-06-01
3904,8,2022-06-01
3909,40,2022-06-01
3910,72,2022-06-01
3911,20,2022-06-01
3912,54,2022-06-01
3913,12,2022-06-01
3915,35,2022-06-01
3916,2,2022-06-01
3918,14,2022-06-01
3919,9,2022-06-01
3920,5,2022-06-01
3921,1,2022-06-01
3922,31,2022-06-01
3923,4,2022-06-01
3925,17,2022-06-01
3926,11,2022-06-01
3927,12,2022-06-01
3928,8,2022-06-01
3929,5,2022-06-01
3930,70,2022-06-01
3931,117,2022-06-01
3933,10,2022-06-01
3934,62,2022-06-01
3936,43,2022-06-01
3937,5,2022-06-01
3938,12,2022-06-01
3939,41,2022-06-01
3940,13,2022-06-01
3941,49,2022-06-01
3942,11,2022-06-01
3943,9,2022-06-01
3944,6,2022-06-01
3945,5,2022-06-01
3950,21,2022-06-01
3951,7,2022-06-01
3953,48,2022-06-01
3954,2,2022-06-01
3956,17,2022-06-01
3957,3,2022-06-01
3958,1,2022-06-01
3959,7,2022-06-01
3960,14,2022-06-01
3962,1,2022-06-01
3964,1,2022-06-01
3965,1,2022-06-01
3966,3,2022-06-01
3971,19,2022-06-01
3975,50,2022-06-01
3976,50,2022-06-01
3977,371,2022-06-01
3978,178,2022-06-01
3979,2,2022-06-01
3980,8,2022-06-01
3981,17,2022-06-01
3984,32,2022-06-01
3987,5,2022-06-01
3988,3,2022-06-01
3990,1,2022-06-01
3992,4,2022-06-01
3995,35,2022-06-01
3996,28,2022-06-01
4000,1,2022-06-01
4005,1,2022-06-01
4006,3,2022-06-01
4019,1,2022-06-01
4076,1,2022-06-01
4107,30,2022-06-01
4110,1,2022-06-01
4122,1,2022-06-01
4170,1,2022-06-01
4172,1,2022-06-01
4178,2,2022-06-01
4214,1,2022-06-01
4218,1,2022-06-01
4300,1,2022-06-01
4558,1,2022-06-01
4566,1,2022-06-01
4670,1,2022-06-01
4870,1,2022-06-01
4877,1,2022-06-01
5000,4,2022-06-01
5033,31,2022-06-01
5039,1,2022-06-01
5048,1,2022-06-01
5074,1,2022-06-01
5171,1,2022-06-01
5280,3,2022-06-01
5290,12,2022-06-01
5950,5,2022-06-01
6000,1,2022-06-01
6004,1,2022-06-01
6011,1,2022-06-01
6017,1,2022-06-01
6020,1,2022-06-01
6028,1,2022-06-01
6104,1,2022-06-01
6106,10,2022-06-01
6155,1,2022-06-01
6308,1,2022-06-01
7000,22,2022-06-01
7005,1,2022-06-01
7009,2,2022-06-01
7310,1,2022-06-01
7325,1,2022-06-01
3,1,2022-03-01
2000,35,2022-03-01
2041,1,2022-03-01
2060,11,2022-03-01
2061,1,2022-03-01
2064,32,2022-03-01
2065,64,2022-03-01
2069,1,2022-03-01
2073,5,2022-03-01
2080,15,2022-03-01
2093,3,2022-03-01
2100,1,2022-03-01
2113,6,2022-03-01
2127,1,2022-03-01
2128,2,2022-03-01
2138,1,2022-03-01
2148,8,2022-03-01
2153,3,2022-03-01
2154,1,2022-03-01
2155,1,2022-03-01
2164,1,2022-03-01
2170,1,2022-03-01
2190,3,2022-03-01
2204,1,2022-03-01
2209,46,2022-03-01
2211,1,2022-03-01
2212,7,2022-03-01
2229,2,2022-03-01
2230,3,2022-03-01
2231,5,2022-03-01
2250,4,2022-03-01
2256,1,2022-03-01
2350,1,2022-03-01
2484,1,2022-03-01
2500,1,2022-03-01
2541,1,2022-03-01
2548,2,2022-03-01
2549,1,2022-03-01
2565,1,2022-03-01
2594,1,2022-03-01
2633,1,2022-03-01
2640,31,2022-03-01
2641,3,2022-03-01
2643,1,2022-03-01
2647,1,2022-03-01
2648,1,2022-03-01
2650,1,2022-03-01
2658,1,2022-03-01
2666,1,2022-03-01
2680,1,2022-03-01
2713,1,2022-03-01
2714,1,2022-03-01
2731,7,2022-03-01
2739,1,2022-03-01
2766,2,2022-03-01
2800,1,2022-03-01
2830,1,2022-03-01
2836,1,2022-03-01
2880,1,2022-03-01
3000,518,2022-03-01
3002,68,2022-03-01
3003,24,2022-03-01
3004,187,2022-03-01
3005,3,2022-03-01
3006,251,2022-03-01
3008,121,2022-03-01
3011,63,2022-03-01
3012,86,2022-03-01
3013,55,2022-03-01
3015,59,2022-03-01
3016,60,2022-03-01
3018,72,2022-03-01
3019,84,2022-03-01
3020,104,2022-03-01
3021,110,2022-03-01
3022,4,2022-03-01
3023,261,2022-03-01
3024,98,2022-03-01
3025,39,2022-03-01
3026,136,2022-03-01
3027,31,2022-03-01
3028,67,2022-03-01
3029,630,2022-03-01
3030,479,2022-03-01
3031,52,2022-03-01
3032,95,2022-03-01
3033,58,2022-03-01
3034,29,2022-03-01
3036,14,2022-03-01
3037,165,2022-03-01
3038,70,2022-03-01
3039,71,2022-03-01
3040,95,2022-03-01
3041,146,2022-03-01
3042,71,2022-03-01
3043,480,2022-03-01
3044,72,2022-03-01
3045,2,2022-03-01
3046,85,2022-03-01
3047,30,2022-03-01
3048,28,2022-03-01
3049,29,2022-03-01
3051,57,2022-03-01
3052,18,2022-03-01
3053,57,2022-03-01
3054,24,2022-03-01
3055,25,2022-03-01
3056,176,2022-03-01
3057,26,2022-03-01
3058,91,2022-03-01
3059,80,2022-03-01
3060,33,2022-03-01
3061,104,2022-03-01
3062,21,2022-03-01
3063,1,2022-03-01
3064,367,2022-03-01
3065,20,2022-03-01
3066,54,2022-03-01
3067,32,2022-03-01
3068,40,2022-03-01
3070,88,2022-03-01
3071,29,2022-03-01
3072,180,2022-03-01
3073,110,2022-03-01
3074,75,2022-03-01
3075,45,2022-03-01
3076,134,2022-03-01
3078,99,2022-03-01
3079,51,2022-03-01
3081,52,2022-03-01
3082,79,2022-03-01
3083,97,2022-03-01
3084,65,2022-03-01
3085,33,2022-03-01
3087,32,2022-03-01
3088,96,2022-03-01
3089,51,2022-03-01
3090,12,2022-03-01
3091,6,2022-03-01
3093,17,2022-03-01
3094,22,2022-03-01
3095,99,2022-03-01
3096,4,2022-03-01
3097,5,2022-03-01
3099,23,2022-03-01
3101,94,2022-03-01
3102,43,2022-03-01
3103,59,2022-03-01
3104,71,2022-03-01
3105,29,2022-03-01
3106,73,2022-03-01
3107,41,2022-03-01
3108,193,2022-03-01
3109,105,2022-03-01
3111,44,2022-03-01
3113,33,2022-03-01
3114,21,2022-03-01
3115,12,2022-03-01
3116,51,2022-03-01
3121,348,2022-03-01
3122,70,2022-03-01
3123,49,2022-03-01
3124,76,2022-03-01
3125,86,2022-03-01
3126,20,2022-03-01
3127,51,2022-03-01
3128,69,2022-03-01
3129,48,2022-03-01
3130,108,2022-03-01
3131,129,2022-03-01
3132,62,2022-03-01
3133,72,2022-03-01
3134,161,2022-03-01
3135,54,2022-03-01
3136,236,2022-03-01
3137,55,2022-03-01
3138,76,2022-03-01
3139,56,2022-03-01
3140,108,2022-03-01
3141,74,2022-03-01
3142,63,2022-03-01
3143,35,2022-03-01
3144,98,2022-03-01
3145,76,2022-03-01
3146,81,2022-03-01
3147,39,2022-03-01
3148,25,2022-03-01
3149,148,2022-03-01
3150,273,2022-03-01
3151,69,2022-03-01
3152,107,2022-03-01
3153,125,2022-03-01
3154,12,2022-03-01
3155,53,2022-03-01
3156,179,2022-03-01
3158,18,2022-03-01
3159,12,2022-03-01
3160,23,2022-03-01
3161,59,2022-03-01
3162,59,2022-03-01
3163,112,2022-03-01
3164,2,2022-03-01
3165,93,2022-03-01
3166,85,2022-03-01
3167,38,2022-03-01
3168,121,2022-03-01
3169,43,2022-03-01
3170,475,2022-03-01
3171,62,2022-03-01
3172,87,2022-03-01
3173,113,2022-03-01
3174,82,2022-03-01
3175,340,2022-03-01
3177,26,2022-03-01
3178,115,2022-03-01
3179,23,2022-03-01
3180,45,2022-03-01
3181,46,2022-03-01
3182,60,2022-03-01
3183,30,2022-03-01
3184,38,2022-03-01
3185,95,2022-03-01
3186,118,2022-03-01
3187,109,2022-03-01
3188,56,2022-03-01
3189,86,2022-03-01
3190,34,2022-03-01
3191,41,2022-03-01
3192,143,2022-03-01
3193,72,2022-03-01
3194,38,2022-03-01
3195,154,2022-03-01
3196,73,2022-03-01
3197,54,2022-03-01
3198,65,2022-03-01
3199,252,2022-03-01
3200,9,2022-03-01
3201,101,2022-03-01
3202,27,2022-03-01
3204,120,2022-03-01
3205,143,2022-03-01
3206,33,2022-03-01
3207,193,2022-03-01
3211,9,2022-03-01
3212,83,2022-03-01
3213,18,2022-03-01
3214,55,2022-03-01
3215,70,2022-03-01
3216,237,2022-03-01
3217,99,2022-03-01
3218,56,2022-03-01
3219,45,2022-03-01
3220,251,2022-03-01
3221,19,2022-03-01
3222,79,2022-03-01
3223,36,2022-03-01
3224,53,2022-03-01
3225,26,2022-03-01
3226,69,2022-03-01
3227,32,2022-03-01
3228,123,2022-03-01
3230,12,2022-03-01
3231,9,2022-03-01
3232,8,2022-03-01
3233,8,2022-03-01
3234,1,2022-03-01
3235,2,2022-03-01
3237,2,2022-03-01
3238,1,2022-03-01
3239,1,2022-03-01
3240,15,2022-03-01
3241,16,2022-03-01
3242,3,2022-03-01
3243,2,2022-03-01
3249,5,2022-03-01
3250,38,2022-03-01
3251,4,2022-03-01
3260,16,2022-03-01
3264,10,2022-03-01
3265,12,2022-03-01
3266,8,2022-03-01
3268,11,2022-03-01
3269,3,2022-03-01
3270,3,2022-03-01
3271,1,2022-03-01
3272,7,2022-03-01
3274,1,2022-03-01
3275,4,2022-03-01
3276,1,2022-03-01
3277,9,2022-03-01
3278,1,2022-03-01
3279,3,2022-03-01
3280,132,2022-03-01
3281,8,2022-03-01
3282,11,2022-03-01
3283,4,2022-03-01
3284,27,2022-03-01
3285,6,2022-03-01
3286,6,2022-03-01
3287,3,2022-03-01
3289,9,2022-03-01
3293,2,2022-03-01
3294,8,2022-03-01
3300,42,2022-03-01
3301,4,2022-03-01
3302,2,2022-03-01
3303,3,2022-03-01
3304,13,2022-03-01
3305,49,2022-03-01
3311,11,2022-03-01
3312,10,2022-03-01
3314,3,2022-03-01
3315,6,2022-03-01
3318,7,2022-03-01
3319,2,2022-03-01
3321,15,2022-03-01
3322,1,2022-03-01
3324,7,2022-03-01
3325,5,2022-03-01
3328,16,2022-03-01
3329,4,2022-03-01
3331,33,2022-03-01
3332,8,2022-03-01
3333,2,2022-03-01
3335,45,2022-03-01
3336,88,2022-03-01
3337,148,2022-03-01
3338,134,2022-03-01
3340,112,2022-03-01
3341,11,2022-03-01
3342,15,2022-03-01
3345,10,2022-03-01
3350,253,2022-03-01
3351,47,2022-03-01
3352,92,2022-03-01
3353,1,2022-03-01
3355,123,2022-03-01
3356,49,2022-03-01
3357,13,2022-03-01
3358,15,2022-03-01
3360,3,2022-03-01
3361,4,2022-03-01
3363,14,2022-03-01
3364,11,2022-03-01
3370,5,2022-03-01
3371,2,2022-03-01
3373,15,2022-03-01
3374,7,2022-03-01
3375,2,2022-03-01
3377,48,2022-03-01
3379,1,2022-03-01
3380,29,2022-03-01
3381,7,2022-03-01
3384,2,2022-03-01
3385,1,2022-03-01
3387,3,2022-03-01
3388,3,2022-03-01
3390,2,2022-03-01
3391,1,2022-03-01
3392,1,2022-03-01
3393,11,2022-03-01
3396,2,2022-03-01
3400,72,2022-03-01
3401,35,2022-03-01
3407,2,2022-03-01
3409,2,2022-03-01
3413,1,2022-03-01
3414,6,2022-03-01
3418,15,2022-03-01
3419,5,2022-03-01
3420,2,2022-03-01
3423,2,2022-03-01
3424,6,2022-03-01
3427,18,2022-03-01
3428,3,2022-03-01
3429,113,2022-03-01
3430,2,2022-03-01
3431,14,2022-03-01
3434,26,2022-03-01
3435,16,2022-03-01
3437,62,2022-03-01
3438,5,2022-03-01
3440,9,2022-03-01
3441,10,2022-03-01
3442,34,2022-03-01
3444,38,2022-03-01
3446,2,2022-03-01
3448,5,2022-03-01
3450,33,2022-03-01
3451,20,2022-03-01
3453,7,2022-03-01
3458,10,2022-03-01
3460,14,2022-03-01
3461,19,2022-03-01
3462,4,2022-03-01
3463,9,2022-03-01
3464,6,2022-03-01
3465,35,2022-03-01
3467,5,2022-03-01
3468,2,2022-03-01
3469,5,2022-03-01
3472,8,2022-03-01
3475,2,2022-03-01
3477,3,2022-03-01
3478,14,2022-03-01
3480,5,2022-03-01
3482,2,2022-03-01
3483,5,2022-03-01
3485,2,2022-03-01
3487,1,2022-03-01
3490,6,2022-03-01
3491,2,2022-03-01
3494,6,2022-03-01
3496,26,2022-03-01
3498,27,2022-03-01
3500,166,2022-03-01
3501,30,2022-03-01
3502,4,2022-03-01
3505,17,2022-03-01
3506,1,2022-03-01
3507,1,2022-03-01
3512,1,2022-03-01
3515,13,2022-03-01
3516,8,2022-03-01
3517,1,2022-03-01
3518,6,2022-03-01
3521,5,2022-03-01
3523,13,2022-03-01
3525,7,2022-03-01
3527,4,2022-03-01
3533,5,2022-03-01
3537,3,2022-03-01
3540,2,2022-03-01
3546,2,2022-03-01
3549,10,2022-03-01
3550,163,2022-03-01
3551,203,2022-03-01
3552,2,2022-03-01
3555,62,2022-03-01
3556,29,2022-03-01
3557,7,2022-03-01
3558,14,2022-03-01
3559,3,2022-03-01
3561,25,2022-03-01
3562,1,2022-03-01
3563,2,2022-03-01
3564,115,2022-03-01
3566,3,2022-03-01
3567,4,2022-03-01
3568,20,2022-03-01
3570,5,2022-03-01
3571,3,2022-03-01
3572,2,2022-03-01
3573,2,2022-03-01
3575,2,2022-03-01
3576,1,2022-03-01
3579,13,2022-03-01
3580,9,2022-03-01
3583,1,2022-03-01
3584,5,2022-03-01
3585,90,2022-03-01
3586,7,2022-03-01
3588,2,2022-03-01
3591,1,2022-03-01
3594,5,2022-03-01
3595,1,2022-03-01
3597,1,2022-03-01
3599,2,2022-03-01
3608,20,2022-03-01
3610,5,2022-03-01
3612,7,2022-03-01
3614,5,2022-03-01
3616,22,2022-03-01
3617,1,2022-03-01
3618,1,2022-03-01
3620,42,2022-03-01
3621,6,2022-03-01
3622,2,2022-03-01
3623,1,2022-03-01
3624,4,2022-03-01
3629,23,2022-03-01
3630,177,2022-03-01
3631,66,2022-03-01
3632,4,2022-03-01
3633,4,2022-03-01
3634,5,2022-03-01
3635,2,2022-03-01
3636,18,2022-03-01
3638,11,2022-03-01
3639,5,2022-03-01
3640,4,2022-03-01
3641,3,2022-03-01
3644,40,2022-03-01
3646,1,2022-03-01
3649,1,2022-03-01
3658,20,2022-03-01
3659,3,2022-03-01
3660,40,2022-03-01
3662,4,2022-03-01
3664,4,2022-03-01
3665,2,2022-03-01
3666,22,2022-03-01
3669,6,2022-03-01
3670,3,2022-03-01
3672,27,2022-03-01
3673,15,2022-03-01
3675,5,2022-03-01
3677,53,2022-03-01
3678,25,2022-03-01
3682,11,2022-03-01
3683,6,2022-03-01
3685,11,2022-03-01
3687,5,2022-03-01
3688,6,2022-03-01
3689,1,2022-03-01
3690,197,2022-03-01
3691,49,2022-03-01
3695,5,2022-03-01
3697,2,2022-03-01
3698,6,2022-03-01
3699,1,2022-03-01
3700,6,2022-03-01
3701,9,2022-03-01
3707,14,2022-03-01
3709,3,2022-03-01
3711,4,2022-03-01
3712,1,2022-03-01
3713,9,2022-03-01
3714,20,2022-03-01
3717,16,2022-03-01
3719,5,2022-03-01
3720,3,2022-03-01
3722,29,2022-03-01
3723,24,2022-03-01
3725,1,2022-03-01
3726,1,2022-03-01
3727,5,2022-03-01
3728,6,2022-03-01
3730,54,2022-03-01
3732,9,2022-03-01
3735,7,2022-03-01
3737,12,2022-03-01
3739,4,2022-03-01
3740,7,2022-03-01
3741,10,2022-03-01
3744,1,2022-03-01
3747,25,2022-03-01
3749,8,2022-03-01
3750,96,2022-03-01
3752,108,2022-03-01
3753,28,2022-03-01
3754,193,2022-03-01
3756,64,2022-03-01
3757,32,2022-03-01
3758,6,2022-03-01
3759,2,2022-03-01
3760,1,2022-03-01
3761,2,2022-03-01
3762,1,2022-03-01
3763,6,2022-03-01
3764,44,2022-03-01
3765,27,2022-03-01
3766,1,2022-03-01
3767,4,2022-03-01
3770,17,2022-03-01
3775,18,2022-03-01
3777,41,2022-03-01
3778,2,2022-03-01
3779,2,2022-03-01
3781,19,2022-03-01
3782,27,2022-03-01
3783,8,2022-03-01
3786,4,2022-03-01
3787,4,2022-03-01
3788,9,2022-03-01
3791,5,2022-03-01
3792,2,2022-03-01
3793,11,2022-03-01
3795,7,2022-03-01
3796,25,2022-03-01
3797,15,2022-03-01
3799,14,2022-03-01
3800,1,2022-03-01
3802,65,2022-03-01
3803,55,2022-03-01
3804,29,2022-03-01
3805,192,2022-03-01
3806,256,2022-03-01
3807,37,2022-03-01
3808,27,2022-03-01
3809,100,2022-03-01
3810,211,2022-03-01
3812,17,2022-03-01
3813,5,2022-03-01
3814,13,2022-03-01
3815,12,2022-03-01
3816,10,2022-03-01
3818,61,2022-03-01
3820,99,2022-03-01
3821,11,2022-03-01
3822,5,2022-03-01
3823,8,2022-03-01
3824,22,2022-03-01
3825,69,2022-03-01
3831,9,2022-03-01
3832,2,2022-03-01
3833,3,2022-03-01
3835,2,2022-03-01
3840,53,2022-03-01
3842,20,2022-03-01
3844,182,2022-03-01
3847,8,2022-03-01
3850,74,2022-03-01
3851,35,2022-03-01
3854,6,2022-03-01
3856,7,2022-03-01
3857,1,2022-03-01
3858,16,2022-03-01
3859,9,2022-03-01
3860,38,2022-03-01
3862,25,2022-03-01
3865,1,2022-03-01
3869,6,2022-03-01
3870,9,2022-03-01
3871,11,2022-03-01
3873,1,2022-03-01
3874,2,2022-03-01
3875,95,2022-03-01
3878,5,2022-03-01
3880,22,2022-03-01
3882,10,2022-03-01
3885,7,2022-03-01
3886,3,2022-03-01
3887,2,2022-03-01
3888,10,2022-03-01
3889,4,2022-03-01
3890,2,2022-03-01
3892,5,2022-03-01
3893,1,2022-03-01
3896,3,2022-03-01
3898,2,2022-03-01
3903,4,2022-03-01
3904,9,2022-03-01
3909,38,2022-03-01
3910,106,2022-03-01
3911,12,2022-03-01
3912,69,2022-03-01
3913,17,2022-03-01
3915,32,2022-03-01
3916,5,2022-03-01
3918,17,2022-03-01
3919,14,2022-03-01
3920,3,2022-03-01
3922,41,2022-03-01
3923,3,2022-03-01
3925,20,2022-03-01
3926,8,2022-03-01
3927,6,2022-03-01
3928,4,2022-03-01
3929,8,2022-03-01
3930,64,2022-03-01
3931,165,2022-03-01
3933,9,2022-03-01
3934,62,2022-03-01
3936,60,2022-03-01
3937,5,2022-03-01
3938,13,2022-03-01
3939,62,2022-03-01
3940,14,2022-03-01
3941,43,2022-03-01
3942,12,2022-03-01
3943,9,2022-03-01
3944,5,2022-03-01
3945,3,2022-03-01
3946,1,2022-03-01
3950,23,2022-03-01
3951,2,2022-03-01
3953,48,2022-03-01
3954,3,2022-03-01
3956,15,2022-03-01
3957,1,2022-03-01
3958,1,2022-03-01
3959,6,2022-03-01
3960,9,2022-03-01
3962,4,2022-03-01
3964,3,2022-03-01
3966,2,2022-03-01
3971,19,2022-03-01
3975,65,2022-03-01
3976,48,2022-03-01
3977,387,2022-03-01
3978,198,2022-03-01
3980,15,2022-03-01
3981,26,2022-03-01
3984,35,2022-03-01
3987,6,2022-03-01
3988,1,2022-03-01
3991,1,2022-03-01
3992,9,2022-03-01
3995,41,2022-03-01
3996,30,2022-03-01
4005,1,2022-03-01
4006,3,2022-03-01
4014,1,2022-03-01
4020,1,2022-03-01
4076,1,2022-03-01
4107,12,2022-03-01
4108,1,2022-03-01
4110,1,2022-03-01
4117,3,2022-03-01
4129,1,2022-03-01
4172,1,2022-03-01
4178,4,2022-03-01
4207,1,2022-03-01
4214,1,2022-03-01
4220,1,2022-03-01
4225,1,2022-03-01
4350,2,2022-03-01
4573,1,2022-03-01
4655,2,2022-03-01
4803,1,2022-03-01
5000,4,2022-03-01
5007,1,2022-03-01
5033,7,2022-03-01
5061,1,2022-03-01
5063,1,2022-03-01
5068,1,2022-03-01
5074,1,2022-03-01
5160,1,2022-03-01
5211,1,2022-03-01
5262,1,2022-03-01
5277,1,2022-03-01
5280,1,2022-03-01
5290,2,2022-03-01
5950,9,2022-03-01
6035,1,2022-03-01
6083,4,2022-03-01
6090,1,2022-03-01
6102,1,2022-03-01
6106,9,2022-03-01
6109,1,2022-03-01
7000,48,2022-03-01
7008,1,2022-03-01
7009,1,2022-03-01
810,1,2022-05-01
850,1,2022-05-01
2000,45,2022-05-01
2009,1,2022-05-01
2015,1,2022-05-01
2018,1,2022-05-01
2019,1,2022-05-01
2042,1,2022-05-01
2046,1,2022-05-01
2047,1,2022-05-01
2060,9,2022-05-01
2064,16,2022-05-01
2065,66,2022-05-01
2073,15,2022-05-01
2080,24,2022-05-01
2103,1,2022-05-01
2113,5,2022-05-01
2128,8,2022-05-01
2130,1,2022-05-01
2138,1,2022-05-01
2141,15,2022-05-01
2147,1,2022-05-01
2148,4,2022-05-01
2153,6,2022-05-01
2190,6,2022-05-01
2198,2,2022-05-01
2199,1,2022-05-01
2209,16,2022-05-01
2211,1,2022-05-01
2212,7,2022-05-01
2232,6,2022-05-01
2250,1,2022-05-01
2300,6,2022-05-01
2303,1,2022-05-01
2500,1,2022-05-01
2546,1,2022-05-01
2560,1,2022-05-01
2567,1,2022-05-01
2594,2,2022-05-01
2602,1,2022-05-01
2603,1,2022-05-01
2609,1,2022-05-01
2617,1,2022-05-01
2620,1,2022-05-01
2640,21,2022-05-01
2641,3,2022-05-01
2642,2,2022-05-01
2646,1,2022-05-01
2647,2,2022-05-01
2650,1,2022-05-01
2656,1,2022-05-01
2658,1,2022-05-01
2666,1,2022-05-01
2707,1,2022-05-01
2711,1,2022-05-01
2715,1,2022-05-01
2729,1,2022-05-01
2731,3,2022-05-01
2732,1,2022-05-01
2734,1,2022-05-01
2739,1,2022-05-01
2747,1,2022-05-01
2756,1,2022-05-01
2761,1,2022-05-01
2765,1,2022-05-01
2766,2,2022-05-01
2800,1,2022-05-01
3000,536,2022-05-01
3002,97,2022-05-01
3003,25,2022-05-01
3004,196,2022-05-01
3005,3,2022-05-01
3006,233,2022-05-01
3008,74,2022-05-01
3011,63,2022-05-01
3012,73,2022-05-01
3013,45,2022-05-01
3015,51,2022-05-01
3016,63,2022-05-01
3018,50,2022-05-01
3019,85,2022-05-01
3020,122,2022-05-01
3021,96,2022-05-01
3022,4,2022-05-01
3023,260,2022-05-01
3024,105,2022-05-01
3025,39,2022-05-01
3026,127,2022-05-01
3027,37,2022-05-01
3028,66,2022-05-01
3029,544,2022-05-01
3030,390,2022-05-01
3031,45,2022-05-01
3032,69,2022-05-01
3033,53,2022-05-01
3034,32,2022-05-01
3036,23,2022-05-01
3037,143,2022-05-01
3038,83,2022-05-01
3039,59,2022-05-01
3040,97,2022-05-01
3041,104,2022-05-01
3042,91,2022-05-01
3043,647,2022-05-01
3044,76,2022-05-01
3045,8,2022-05-01
3046,98,2022-05-01
3047,35,2022-05-01
3048,43,2022-05-01
3049,31,2022-05-01
3051,46,2022-05-01
3052,11,2022-05-01
3053,34,2022-05-01
3054,10,2022-05-01
3055,16,2022-05-01
3056,173,2022-05-01
3057,28,2022-05-01
3058,100,2022-05-01
3059,76,2022-05-01
3060,40,2022-05-01
3061,82,2022-05-01
3062,25,2022-05-01
3063,5,2022-05-01
3064,371,2022-05-01
3065,37,2022-05-01
3066,40,2022-05-01
3067,25,2022-05-01
3068,42,2022-05-01
3070,113,2022-05-01
3071,23,2022-05-01
3072,158,2022-05-01
3073,105,2022-05-01
3074,75,2022-05-01
3075,50,2022-05-01
3076,135,2022-05-01
3078,35,2022-05-01
3079,41,2022-05-01
3081,36,2022-05-01
3082,85,2022-05-01
3083,113,2022-05-01
3084,67,2022-05-01
3085,38,2022-05-01
3087,31,2022-05-01
3088,88,2022-05-01
3089,41,2022-05-01
3090,9,2022-05-01
3091,5,2022-05-01
3093,13,2022-05-01
3094,33,2022-05-01
3095,87,2022-05-01
3096,4,2022-05-01
3097,4,2022-05-01
3099,8,2022-05-01
3101,64,2022-05-01
3102,25,2022-05-01
3103,56,2022-05-01
3104,62,2022-05-01
3105,34,2022-05-01
3106,64,2022-05-01
3107,28,2022-05-01
3108,261,2022-05-01
3109,97,2022-05-01
3111,37,2022-05-01
3113,27,2022-05-01
3114,8,2022-05-01
3115,12,2022-05-01
3116,49,2022-05-01
3121,278,2022-05-01
3122,64,2022-05-01
3123,59,2022-05-01
3124,77,2022-05-01
3125,81,2022-05-01
3126,30,2022-05-01
3127,66,2022-05-01
3128,76,2022-05-01
3129,48,2022-05-01
3130,111,2022-05-01
3131,119,2022-05-01
3132,63,2022-05-01
3133,71,2022-05-01
3134,142,2022-05-01
3135,55,2022-05-01
3136,214,2022-05-01
3137,71,2022-05-01
3138,80,2022-05-01
3139,64,2022-05-01
3140,85,2022-05-01
3141,77,2022-05-01
3142,75,2022-05-01
3143,22,2022-05-01
3144,78,2022-05-01
3145,61,2022-05-01
3146,61,2022-05-01
3147,38,2022-05-01
3148,24,2022-05-01
3149,136,2022-05-01
3150,226,2022-05-01
3151,50,2022-05-01
3152,99,2022-05-01
3153,118,2022-05-01
3154,14,2022-05-01
3155,56,2022-05-01
3156,158,2022-05-01
3158,20,2022-05-01
3159,9,2022-05-01
3160,20,2022-05-01
3161,34,2022-05-01
3162,42,2022-05-01
3163,76,2022-05-01
3164,3,2022-05-01
3165,85,2022-05-01
3166,105,2022-05-01
3167,22,2022-05-01
3168,123,2022-05-01
3169,53,2022-05-01
3170,373,2022-05-01
3171,64,2022-05-01
3172,54,2022-05-01
3173,122,2022-05-01
3174,83,2022-05-01
3175,361,2022-05-01
3177,25,2022-05-01
3178,141,2022-05-01
3179,13,2022-05-01
3180,27,2022-05-01
3181,50,2022-05-01
3182,45,2022-05-01
3183,29,2022-05-01
3184,41,2022-05-01
3185,63,2022-05-01
3186,102,2022-05-01
3187,59,2022-05-01
3188,49,2022-05-01
3189,107,2022-05-01
3190,34,2022-05-01
3191,38,2022-05-01
3192,103,2022-05-01
3193,62,2022-05-01
3194,48,2022-05-01
3195,152,2022-05-01
3196,75,2022-05-01
3197,39,2022-05-01
3198,59,2022-05-01
3199,227,2022-05-01
3200,5,2022-05-01
3201,108,2022-05-01
3202,15,2022-05-01
3204,132,2022-05-01
3205,59,2022-05-01
3206,29,2022-05-01
3207,188,2022-05-01
3211,9,2022-05-01
3212,104,2022-05-01
3213,13,2022-05-01
3214,60,2022-05-01
3215,78,2022-05-01
3216,192,2022-05-01
3217,86,2022-05-01
3218,48,2022-05-01
3219,50,2022-05-01
3220,250,2022-05-01
3221,19,2022-05-01
3222,70,2022-05-01
3223,36,2022-05-01
3224,64,2022-05-01
3225,28,2022-05-01
3226,61,2022-05-01
3227,12,2022-05-01
3228,86,2022-05-01
3230,11,2022-05-01
3231,4,2022-05-01
3232,1,2022-05-01
3233,11,2022-05-01
3234,2,2022-05-01
3235,2,2022-05-01
3237,3,2022-05-01
3238,3,2022-05-01
3239,3,2022-05-01
3240,9,2022-05-01
3241,9,2022-05-01
3242,3,2022-05-01
3243,2,2022-05-01
3249,12,2022-05-01
3250,48,2022-05-01
3251,4,2022-05-01
3254,2,2022-05-01
3260,25,2022-05-01
3264,5,2022-05-01
3265,12,2022-05-01
3266,11,2022-05-01
3267,3,2022-05-01
3268,18,2022-05-01
3269,5,2022-05-01
3270,3,2022-05-01
3271,1,2022-05-01
3272,5,2022-05-01
3273,2,2022-05-01
3274,3,2022-05-01
3276,3,2022-05-01
3277,9,2022-05-01
3278,1,2022-05-01
3280,156,2022-05-01
3281,12,2022-05-01
3282,12,2022-05-01
3283,6,2022-05-01
3284,18,2022-05-01
3285,6,2022-05-01
3286,4,2022-05-01
3287,2,2022-05-01
3289,5,2022-05-01
3292,1,2022-05-01
3293,2,2022-05-01
3294,5,2022-05-01
3300,51,2022-05-01
3301,7,2022-05-01
3302,4,2022-05-01
3304,10,2022-05-01
3305,57,2022-05-01
3309,1,2022-05-01
3311,5,2022-05-01
3312,5,2022-05-01
3314,2,2022-05-01
3315,10,2022-05-01
3317,1,2022-05-01
3318,4,2022-05-01
3321,9,2022-05-01
3322,2,2022-05-01
3323,1,2022-05-01
3324,3,2022-05-01
3325,1,2022-05-01
3328,8,2022-05-01
3329,2,2022-05-01
3330,1,2022-05-01
3331,32,2022-05-01
3332,6,2022-05-01
3333,4,2022-05-01
3334,3,2022-05-01
3335,38,2022-05-01
3336,79,2022-05-01
3337,152,2022-05-01
3338,127,2022-05-01
3340,119,2022-05-01
3341,8,2022-05-01
3342,22,2022-05-01
3345,2,2022-05-01
3350,225,2022-05-01
3351,42,2022-05-01
3352,98,2022-05-01
3355,113,2022-05-01
3356,41,2022-05-01
3357,13,2022-05-01
3358,16,2022-05-01
3361,4,2022-05-01
3363,6,2022-05-01
3364,12,2022-05-01
3370,11,2022-05-01
3371,2,2022-05-01
3373,8,2022-05-01
3374,6,2022-05-01
3375,1,2022-05-01
3377,19,2022-05-01
3378,2,2022-05-01
3379,2,2022-05-01
3380,22,2022-05-01
3381,5,2022-05-01
3384,4,2022-05-01
3387,3,2022-05-01
3388,3,2022-05-01
3390,5,2022-05-01
3391,1,2022-05-01
3392,3,2022-05-01
3393,13,2022-05-01
3395,6,2022-05-01
3396,4,2022-05-01
3400,76,2022-05-01
3401,25,2022-05-01
3402,1,2022-05-01
3407,5,2022-05-01
3409,7,2022-05-01
3413,1,2022-05-01
3414,8,2022-05-01
3418,11,2022-05-01
3419,4,2022-05-01
3423,1,2022-05-01
3424,8,2022-05-01
3427,23,2022-05-01
3428,3,2022-05-01
3429,131,2022-05-01
3430,1,2022-05-01
3431,15,2022-05-01
3432,1,2022-05-01
3434,35,2022-05-01
3435,12,2022-05-01
3437,45,2022-05-01
3438,10,2022-05-01
3440,6,2022-05-01
3441,5,2022-05-01
3442,38,2022-05-01
3444,45,2022-05-01
3446,4,2022-05-01
3447,2,2022-05-01
3448,3,2022-05-01
3450,12,2022-05-01
3451,16,2022-05-01
3453,5,2022-05-01
3458,5,2022-05-01
3460,14,2022-05-01
3461,16,2022-05-01
3462,1,2022-05-01
3463,5,2022-05-01
3464,5,2022-05-01
3465,40,2022-05-01
3467,5,2022-05-01
3469,1,2022-05-01
3472,2,2022-05-01
3475,4,2022-05-01
3477,3,2022-05-01
3478,9,2022-05-01
3480,8,2022-05-01
3483,4,2022-05-01
3485,3,2022-05-01
3487,1,2022-05-01
3490,5,2022-05-01
3494,3,2022-05-01
3496,23,2022-05-01
3498,35,2022-05-01
3500,142,2022-05-01
3501,41,2022-05-01
3502,5,2022-05-01
3505,23,2022-05-01
3509,2,2022-05-01
3512,2,2022-05-01
3515,9,2022-05-01
3516,4,2022-05-01
3517,6,2022-05-01
3518,8,2022-05-01
3521,5,2022-05-01
3523,9,2022-05-01
3525,3,2022-05-01
3527,2,2022-05-01
3531,1,2022-05-01
3533,3,2022-05-01
3537,12,2022-05-01
3540,1,2022-05-01
3544,1,2022-05-01
3549,19,2022-05-01
3550,145,2022-05-01
3551,166,2022-05-01
3552,3,2022-05-01
3555,71,2022-05-01
3556,46,2022-05-01
3557,8,2022-05-01
3558,6,2022-05-01
3559,2,2022-05-01
3561,28,2022-05-01
3562,2,2022-05-01
3563,6,2022-05-01
3564,112,2022-05-01
3565,1,2022-05-01
3566,2,2022-05-01
3567,3,2022-05-01
3568,20,2022-05-01
3570,1,2022-05-01
3571,2,2022-05-01
3572,1,2022-05-01
3575,5,2022-05-01
3579,22,2022-05-01
3580,5,2022-05-01
3581,1,2022-05-01
3584,5,2022-05-01
3585,61,2022-05-01
3586,4,2022-05-01
3589,3,2022-05-01
3590,3,2022-05-01
3591,1,2022-05-01
3594,1,2022-05-01
3595,2,2022-05-01
3596,1,2022-05-01
3597,4,2022-05-01
3608,15,2022-05-01
3610,4,2022-05-01
3612,9,2022-05-01
3614,11,2022-05-01
3616,30,2022-05-01
3618,3,2022-05-01
3620,49,2022-05-01
3621,12,2022-05-01
3622,1,2022-05-01
3623,6,2022-05-01
3624,1,2022-05-01
3629,15,2022-05-01
3630,155,2022-05-01
3631,83,2022-05-01
3632,3,2022-05-01
3633,2,2022-05-01
3634,9,2022-05-01
3635,2,2022-05-01
3636,17,2022-05-01
3637,4,2022-05-01
3638,11,2022-05-01
3639,4,2022-05-01
3640,6,2022-05-01
3641,5,2022-05-01
3644,48,2022-05-01
3646,5,2022-05-01
3649,2,2022-05-01
3658,28,2022-05-01
3659,2,2022-05-01
3660,35,2022-05-01
3662,4,2022-05-01
3663,1,2022-05-01
3664,5,2022-05-01
3665,3,2022-05-01
3666,13,2022-05-01
3669,6,2022-05-01
3670,3,2022-05-01
3672,43,2022-05-01
3673,7,2022-05-01
3675,10,2022-05-01
3677,70,2022-05-01
3678,39,2022-05-01
3682,3,2022-05-01
3683,6,2022-05-01
3685,13,2022-05-01
3687,2,2022-05-01
3688,3,2022-05-01
3689,1,2022-05-01
3690,208,2022-05-01
3691,66,2022-05-01
3695,2,2022-05-01
3697,4,2022-05-01
3698,1,2022-05-01
3699,2,2022-05-01
3700,7,2022-05-01
3701,4,2022-05-01
3705,3,2022-05-01
3707,9,2022-05-01
3708,1,2022-05-01
3709,2,2022-05-01
3711,3,2022-05-01
3712,2,2022-05-01
3713,7,2022-05-01
3714,21,2022-05-01
3715,3,2022-05-01
3717,8,2022-05-01
3719,7,2022-05-01
3720,6,2022-05-01
3722,31,2022-05-01
3723,17,2022-05-01
3725,3,2022-05-01
3726,3,2022-05-01
3727,3,2022-05-01
3728,5,2022-05-01
3730,48,2022-05-01
3732,7,2022-05-01
3733,1,2022-05-01
3735,1,2022-05-01
3737,22,2022-05-01
3738,1,2022-05-01
3739,2,2022-05-01
3740,10,2022-05-01
3741,20,2022-05-01
3744,2,2022-05-01
3746,1,2022-05-01
3747,12,2022-05-01
3749,9,2022-05-01
3750,89,2022-05-01
3752,89,2022-05-01
3753,24,2022-05-01
3754,193,2022-05-01
3755,1,2022-05-01
3756,64,2022-05-01
3757,27,2022-05-01
3758,7,2022-05-01
3759,3,2022-05-01
3760,1,2022-05-01
3761,2,2022-05-01
3763,9,2022-05-01
3764,43,2022-05-01
3765,24,2022-05-01
3766,3,2022-05-01
3767,3,2022-05-01
3770,15,2022-05-01
3775,21,2022-05-01
3777,44,2022-05-01
3779,1,2022-05-01
3781,14,2022-05-01
3782,23,2022-05-01
3783,8,2022-05-01
3786,6,2022-05-01
3787,6,2022-05-01
3788,7,2022-05-01
3791,2,2022-05-01
3792,2,2022-05-01
3793,9,2022-05-01
3795,5,2022-05-01
3796,37,2022-05-01
3797,16,2022-05-01
3799,14,2022-05-01
3800,1,2022-05-01
3802,51,2022-05-01
3803,69,2022-05-01
3804,32,2022-05-01
3805,177,2022-05-01
3806,257,2022-05-01
3807,37,2022-05-01
3808,19,2022-05-01
3809,87,2022-05-01
3810,232,2022-05-01
3812,3,2022-05-01
3813,6,2022-05-01
3814,12,2022-05-01
3815,16,2022-05-01
3816,19,2022-05-01
3818,68,2022-05-01
3820,94,2022-05-01
3821,14,2022-05-01
3822,3,2022-05-01
3823,8,2022-05-01
3824,15,2022-05-01
3825,87,2022-05-01
3831,6,2022-05-01
3832,2,2022-05-01
3833,2,2022-05-01
3835,1,2022-05-01
3840,45,2022-05-01
3842,12,2022-05-01
3844,205,2022-05-01
3847,10,2022-05-01
3850,74,2022-05-01
3851,27,2022-05-01
3852,2,2022-05-01
3853,2,2022-05-01
3854,7,2022-05-01
3856,7,2022-05-01
3858,15,2022-05-01
3859,4,2022-05-01
3860,36,2022-05-01
3862,23,2022-05-01
3865,1,2022-05-01
3869,8,2022-05-01
3870,2,2022-05-01
3871,8,2022-05-01
3873,2,2022-05-01
3874,4,2022-05-01
3875,100,2022-05-01
3878,6,2022-05-01
3880,18,2022-05-01
3882,6,2022-05-01
3885,11,2022-05-01
3886,2,2022-05-01
3888,13,2022-05-01
3889,1,2022-05-01
3892,9,2022-05-01
3893,1,2022-05-01
3895,2,2022-05-01
3896,2,2022-05-01
3898,10,2022-05-01
3902,3,2022-05-01
3903,5,2022-05-01
3904,5,2022-05-01
3909,41,2022-05-01
3910,84,2022-05-01
3911,14,2022-05-01
3912,82,2022-05-01
3913,16,2022-05-01
3915,35,2022-05-01
3916,7,2022-05-01
3918,14,2022-05-01
3919,9,2022-05-01
3920,3,2022-05-01
3922,30,2022-05-01
3923,8,2022-05-01
3925,22,2022-05-01
3926,15,2022-05-01
3927,3,2022-05-01
3928,4,2022-05-01
3929,11,2022-05-01
3930,72,2022-05-01
3931,186,2022-05-01
3933,1,2022-05-01
3934,65,2022-05-01
3936,61,2022-05-01
3937,2,2022-05-01
3938,11,2022-05-01
3939,48,2022-05-01
3940,11,2022-05-01
3941,34,2022-05-01
3942,10,2022-05-01
3943,6,2022-05-01
3944,3,2022-05-01
3945,6,2022-05-01
3946,3,2022-05-01
3950,22,2022-05-01
3951,5,2022-05-01
3953,50,2022-05-01
3954,2,2022-05-01
3956,10,2022-05-01
3957,2,2022-05-01
3958,1,2022-05-01
3959,4,2022-05-01
3960,17,2022-05-01
3962,1,2022-05-01
3964,1,2022-05-01
3966,2,2022-05-01
3967,1,2022-05-01
3971,26,2022-05-01
3975,68,2022-05-01
3976,71,2022-05-01
3977,413,2022-05-01
3978,203,2022-05-01
3979,1,2022-05-01
3980,19,2022-05-01
3981,25,2022-05-01
3984,24,2022-05-01
3987,6,2022-05-01
3988,3,2022-05-01
3991,1,2022-05-01
3992,5,2022-05-01
3995,33,2022-05-01
3996,34,2022-05-01
4000,1,2022-05-01
4006,24,2022-05-01
4014,5,2022-05-01
4019,2,2022-05-01
4107,26,2022-05-01
4117,1,2022-05-01
4172,1,2022-05-01
4178,1,2022-05-01
4207,2,2022-05-01
4558,1,2022-05-01
4566,1,2022-05-01
4567,2,2022-05-01
4575,1,2022-05-01
4703,1,2022-05-01
5000,2,2022-05-01
5033,42,2022-05-01
5069,1,2022-05-01
5096,1,2022-05-01
5160,1,2022-05-01
5262,1,2022-05-01
5280,1,2022-05-01
5290,7,2022-05-01
5950,9,2022-05-01
6005,1,2022-05-01
6011,1,2022-05-01
6017,1,2022-05-01
6030,9,2022-05-01
6106,26,2022-05-01
7000,48,2022-05-01
7009,3,2022-05-01
7030,1,2022-05-01
7250,3,2022-05-01
7304,1,2022-05-01
7310,2,2022-05-01
7322,1,2022-05-01
